kernel_ref,folder,available,verified,resolved_as
aravindpadman/efficientnet-inference,000-001-0,False,False,000-001-0: no Kaggle ref found (unverified)
aravindpadman/efficientnet-inference,000-007-512-adam-wr,False,False,000-007-512-adam-wr: no Kaggle ref found (unverified)
aravindpadman/efficientnet-inference,000-008-sgdr-ensemble-3,False,False,000-008-sgdr-ensemble-3: no Kaggle ref found (unverified)
aravindpadman/efficientnet-inference,000-009-sgdr-ensemble,False,False,000-009-sgdr-ensemble: no Kaggle ref found (unverified)
aravindpadman/efficientnet-inference,000-009-sgdr-ensemble-4,False,False,000-009-sgdr-ensemble-4: no Kaggle ref found (unverified)
aravindpadman/efficientnet-inference,000-009-sgdr-ensemble-5,False,False,000-009-sgdr-ensemble-5: no Kaggle ref found (unverified)
aravindpadman/efficientnet-inference,000-010-sgdr-ensemble-4,False,False,000-010-sgdr-ensemble-4: no Kaggle ref found (unverified)
ghatotkachh/inference,10ep5foldresent18,False,False,10ep5foldresent18: no Kaggle ref found (unverified)
kitsuha/only-use-eeg-features-xgboost-baseling,12-features-eeg,False,False,dataset:kitsuha/12-features-eeg: access not checked (rate limit / API budget) (unverified)
anmolgarg1998/hms-combined-eeg-spectrogram,16waves-combined-models-fold5,False,False,16waves-combined-models-fold5: no Kaggle ref found (unverified)
alexeykarnachev/kernel1864bcfc13,2020-01-20-20-10-11-640,False,False,2020-01-20-20-10-11-640: no Kaggle ref found (unverified)
alexeykarnachev/kernel1864bcfc13,2020-02-01-19-10-50-329,False,False,2020-02-01-19-10-50-329: no Kaggle ref found (unverified)
alexeykarnachev/kernel1864bcfc13,2020-02-06-15-23-54-121,False,False,2020-02-06-15-23-54-121: no Kaggle ref found (unverified)
alexeykarnachev/kernel1864bcfc13,2020-02-07-11-43-57-950,False,False,2020-02-07-11-43-57-950: no Kaggle ref found (unverified)
justin1357/cv0-854,20240519-040713-stage-1,False,False,20240519-040713-stage-1: no Kaggle ref found (unverified)
justin1357/cv0-854,20240527-020630-stage-1,False,False,20240527-020630-stage-1: no Kaggle ref found (unverified)
nizamuddin/qa-augur,2layerednn,False,False,2layerednn: no Kaggle ref found (unverified)
rafaelzimmermann1/no-ensemble-new-spectrograms-label-refine,3-diff-time-specs-hms,False,False,dataset:rafaelzimmermann1/3-diff-time-specs-hms: access not checked (rate limit / API budget) (unverified)
yezhiheng/zy-three-model-ensemble-gpu100,3-diff-time-specs-hms,False,False,dataset:rafaelzimmermann1/3-diff-time-specs-hms: access not checked (rate limit / API budget) (unverified)
seoyunje/nih-chest-x-ray-image-classification,50s-and-20s-with-tuh,False,False,50s-and-20s-with-tuh: no Kaggle ref found (unverified)
kitsuha/only-use-eeg-features-xgboost-baseling,8-basic-feaatures-with-eeg,False,False,dataset:kitsuha/8-basic-feaatures-with-eeg: access not checked (rate limit / API budget) (unverified)
goldenlock/image-model-single-model-with-lb0-235-pb0-283,absl-py,False,False,absl-py: no Kaggle ref found (unverified)
batprem/aes2-tuning-ensemble,aes-15fold,False,False,aes-15fold: no Kaggle ref found (unverified)
batprem/aes2-xgboost-lightboost-share-the-same-loss,aes-15fold,False,False,aes-15fold: no Kaggle ref found (unverified)
caokhoihuynh/feature-engineeing-lgbm-copy-ver,aes-15fold,False,False,aes-15fold: no Kaggle ref found (unverified)
ryenhails/aes2-lgbm-deberta-baseline,aes-15fold,False,False,aes-15fold: no Kaggle ref found (unverified)
stefanoclss/unselected-0-836-private-score-submission,aes-15fold,False,False,aes-15fold: no Kaggle ref found (unverified)
yongsukprasertsuk/0-818-deberta-v3-large-lgbm-baseline,aes-15fold,False,False,aes-15fold: no Kaggle ref found (unverified)
seoyunje/aes-2-catboost-starter-lb-0-791,aes-2-misspelled-whl,False,False,aes-2-misspelled-whl: no Kaggle ref found (unverified)
seoyunje/aes-2-lgbm-backbone,aes-2-misspelled-whl,False,False,aes-2-misspelled-whl: no Kaggle ref found (unverified)
seoyunje/aes2-xgboost-starter-lb-0-784,aes-2-misspelled-whl,False,False,aes-2-misspelled-whl: no Kaggle ref found (unverified)
ryenhails/aes2-lgbm-deberta-baseline,aes-computed-features,False,False,dataset:juanjindachang/aes-computed-features: access not checked (rate limit / API budget) (unverified)
thyanhm/fit-hcmus-2,aes-computed-features,False,False,dataset:juanjindachang/aes-computed-features: access not checked (rate limit / API budget) (unverified)
nguynminh444/aes2-modeling-with-fb-scoring,aes-data-word-cnt,False,False,dataset:nguynminh444/aes-data-word-cnt: access not checked (rate limit / API budget) (unverified)
ravi20076/aes2024-baseline-inference,aes-deberta-large,False,False,dataset:olyatsimboy/aes-deberta-large: access not checked (rate limit / API budget) (unverified)
siddhvr/aes-2-0-deberta-lgbm-baseline,aes-deberta-large,False,False,dataset:olyatsimboy/aes-deberta-large: access not checked (rate limit / API budget) (unverified)
xiaocao123/aes2-5folddeberta-lgbm-weighted-blending,aes-deberta-large,False,False,dataset:olyatsimboy/aes-deberta-large: access not checked (rate limit / API budget) (unverified)
yongsukprasertsuk/0-818-deberta-v3-large-lgbm-baseline,aes-deberta-large,False,False,dataset:olyatsimboy/aes-deberta-large: access not checked (rate limit / API budget) (unverified)
syhens/aes2-inference-single-model,aes-exp302-two-stage-f0,False,False,dataset:syhens/aes-exp302-two-stage-f0: access not checked (rate limit / API budget) (unverified)
syhens/aes2-voting,aes-exp302-two-stage-f0,False,False,dataset:syhens/aes-exp302-two-stage-f0: access not checked (rate limit / API budget) (unverified)
tasfiqkamran/essay-scoring-3-inference,aes-language-tool-python,False,False,dataset:tasfiqkamran/aes-language-tool-python: access not checked (rate limit / API budget) (unverified)
robinxie/notebook679429ce16,aes-model,False,False,aes-model: no Kaggle ref found (unverified)
ryenhails/aes2-lgbm-deberta-baseline,aes-model,False,False,aes-model: no Kaggle ref found (unverified)
yongsukprasertsuk/0-818-deberta-v3-large-lgbm-baseline,aes-model,False,False,aes-model: no Kaggle ref found (unverified)
yongsukprasertsuk/0-818-deberta-v3-large-lgbm-baseline,aes-model-voting,False,False,aes-model-voting: no Kaggle ref found (unverified)
justin1357/cv0-854,aes-models4svr,False,False,dataset:justin1357/aes-models4svr: access not checked (rate limit / API budget) (unverified)
justin1357/cv0-854,aes-train-probs,False,False,dataset:justin1357/aes-train-probs: access not checked (rate limit / API budget) (unverified)
hilda21/aes2-deberta-lgbm-countvectorizer-lb-814,aes-train-prompt-added-csv,False,False,dataset:happyoldman/aes-train-prompt-added-csv: access not checked (rate limit / API budget) (unverified)
hhhmgk/aes2-0-main,aes2-0-data-preprocess,False,False,aes2-0-data-preprocess: no Kaggle ref found (unverified)
aikhmelnytskyy/quick-start-lgbm,aes2-400-20240419134941,False,False,dataset:hideyukizushi/aes2-400-20240419134941: access not checked (rate limit / API budget) (unverified)
batprem/aes2-tuning-ensemble,aes2-400-20240419134941,False,False,dataset:hideyukizushi/aes2-400-20240419134941: access not checked (rate limit / API budget) (unverified)
batprem/aes2-xgboost-lightboost-share-the-same-loss,aes2-400-20240419134941,False,False,dataset:hideyukizushi/aes2-400-20240419134941: access not checked (rate limit / API budget) (unverified)
caokhoihuynh/feature-engineeing-lgbm-copy-ver,aes2-400-20240419134941,False,False,dataset:hideyukizushi/aes2-400-20240419134941: access not checked (rate limit / API budget) (unverified)
hhhmgk/aes2-0-main,aes2-400-20240419134941,False,False,dataset:hideyukizushi/aes2-400-20240419134941: access not checked (rate limit / API budget) (unverified)
hilda21/aes2-deberta-lgbm-countvectorizer-lb-814,aes2-400-20240419134941,False,False,dataset:hideyukizushi/aes2-400-20240419134941: access not checked (rate limit / API budget) (unverified)
huggon1/deberta-lgbm,aes2-400-20240419134941,False,False,dataset:hideyukizushi/aes2-400-20240419134941: access not checked (rate limit / API budget) (unverified)
leontanemura/jiiiiiiiiip,aes2-400-20240419134941,False,False,dataset:hideyukizushi/aes2-400-20240419134941: access not checked (rate limit / API budget) (unverified)
nguynminh444/aes2-modeling-with-fb-scoring,aes2-400-20240419134941,False,False,dataset:hideyukizushi/aes2-400-20240419134941: access not checked (rate limit / API budget) (unverified)
ravi20076/aes2024-baseline-inference,aes2-400-20240419134941,False,False,dataset:hideyukizushi/aes2-400-20240419134941: access not checked (rate limit / API budget) (unverified)
ryenhails/aes2-lgbm-deberta-baseline,aes2-400-20240419134941,False,False,dataset:hideyukizushi/aes2-400-20240419134941: access not checked (rate limit / API budget) (unverified)
shan007007/how-good-is-that-essay,aes2-400-20240419134941,False,False,dataset:hideyukizushi/aes2-400-20240419134941: access not checked (rate limit / API budget) (unverified)
siddhvr/aes-2-0-deberta-lgbm-baseline,aes2-400-20240419134941,False,False,dataset:hideyukizushi/aes2-400-20240419134941: access not checked (rate limit / API budget) (unverified)
stefannastase/10-fold-lgbm-regressor-with-deberta,aes2-400-20240419134941,False,False,dataset:hideyukizushi/aes2-400-20240419134941: access not checked (rate limit / API budget) (unverified)
stefanoclss/unselected-0-836-private-score-submission,aes2-400-20240419134941,False,False,dataset:hideyukizushi/aes2-400-20240419134941: access not checked (rate limit / API budget) (unverified)
thyanhm/fit-hcmus-2,aes2-400-20240419134941,False,False,dataset:hideyukizushi/aes2-400-20240419134941: access not checked (rate limit / API budget) (unverified)
tingyu516/aes2-private-score-0-83531,aes2-400-20240419134941,False,False,dataset:hideyukizushi/aes2-400-20240419134941: access not checked (rate limit / API budget) (unverified)
xiaocao123/aes2-5folddeberta-lgbm-weighted-blending,aes2-400-20240419134941,False,False,dataset:hideyukizushi/aes2-400-20240419134941: access not checked (rate limit / API budget) (unverified)
yongsukprasertsuk/0-818-deberta-v3-large-lgbm-baseline,aes2-400-20240419134941,False,False,dataset:hideyukizushi/aes2-400-20240419134941: access not checked (rate limit / API budget) (unverified)
batprem/aes2-xgboost-lightboost-share-the-same-loss,aes2-400-fes-202404291649,False,False,dataset:hideyukizushi/aes2-400-fes-202404291649: access not checked (rate limit / API budget) (unverified)
hhhmgk/aes2-0-main,aes2-400-fes-202404291649,False,False,dataset:hideyukizushi/aes2-400-fes-202404291649: access not checked (rate limit / API budget) (unverified)
hilda21/aes2-deberta-lgbm-countvectorizer-lb-814,aes2-400-fes-202404291649,False,False,dataset:hideyukizushi/aes2-400-fes-202404291649: access not checked (rate limit / API budget) (unverified)
ryenhails/aes2-lgbm-deberta-baseline,aes2-400-fes-202404291649,False,False,dataset:hideyukizushi/aes2-400-fes-202404291649: access not checked (rate limit / API budget) (unverified)
tingyu516/aes2-private-score-0-83531,aes2-400-fes-202404291649,False,False,dataset:hideyukizushi/aes2-400-fes-202404291649: access not checked (rate limit / API budget) (unverified)
seoyunje/aes-2-catboost-starter-lb-0-791,aes2-automl,False,False,aes2-automl: no Kaggle ref found (unverified)
seoyunje/aes-2-catboost-starter-lb-0-791,aes2-cat,False,False,aes2-cat: no Kaggle ref found (unverified)
seoyunje/aes-2-catboost-starter-lb-0-791,aes2-catboost,False,False,aes2-catboost: no Kaggle ref found (unverified)
syhens/aes2-inference-single-model,aes2-code,False,False,dataset:syhens/aes2-code: access not checked (rate limit / API budget) (unverified)
syhens/aes2-voting,aes2-code,False,False,dataset:syhens/aes2-code: access not checked (rate limit / API budget) (unverified)
syhens/aes2-inference-single-model,aes2-deberta-v3-base-fit-v1,False,False,aes2-deberta-v3-base-fit-v1: no Kaggle ref found (unverified)
syhens/aes2-inference-single-model,aes2-deberta-v3-base-fit-v3-sep,False,False,aes2-deberta-v3-base-fit-v3-sep: no Kaggle ref found (unverified)
syhens/aes2-inference-single-model,aes2-deberta-v3-small-fit,False,False,aes2-deberta-v3-small-fit: no Kaggle ref found (unverified)
syhens/aes2-inference-single-model,aes2-deberta-v3-small-fit-all-v2,False,False,aes2-deberta-v3-small-fit-all-v2: no Kaggle ref found (unverified)
syhens/aes2-inference-single-model,aes2-deberta-v3-small-fit-v2,False,False,aes2-deberta-v3-small-fit-v2: no Kaggle ref found (unverified)
syhens/aes2-inference-single-model,aes2-deberta-v3-small-fit-v3,False,False,aes2-deberta-v3-small-fit-v3: no Kaggle ref found (unverified)
syhens/aes2-inference-single-model,aes2-deberta-v3-small-fit-v5,False,False,kernel:syhens/aes2-deberta-v3-small-fit-v5: access not checked (rate limit / API budget) (unverified)
syhens/aes2-voting,aes2-deberta-v3-small-fit-v5,False,False,kernel:syhens/aes2-deberta-v3-small-fit-v5: access not checked (rate limit / API budget) (unverified)
syhens/aes2-inference-single-model,aes2-deberta-v3-small-fit-v6,False,False,aes2-deberta-v3-small-fit-v6: no Kaggle ref found (unverified)
justin1357/cv0-854,aes2-deberta102v2,False,False,dataset:roschildrui/aes2-deberta102v2: access not checked (rate limit / API budget) (unverified)
justin1357/cv0-854,aes2-deberta8,False,False,dataset:roschildrui/aes2-deberta8: access not checked (rate limit / API budget) (unverified)
syhens/aes2-effs-tree-based-sub,aes2-effs-models,False,False,aes2-effs-models: no Kaggle ref found (unverified)
syhens/aes2-effs-tree-based-sub,aes2-effs-tree-based,False,False,aes2-effs-tree-based: no Kaggle ref found (unverified)
syhens/aes2-effs-tree-based-sub,aes2-effs-tree-based-best,False,False,kernel:syhens/aes2-effs-tree-based-best: access not checked (rate limit / API budget) (unverified)
syhens/aes2-effs-tree-based-sub,aes2-effs-tree-based-two-stage,False,False,aes2-effs-tree-based-two-stage: no Kaggle ref found (unverified)
syhens/aes2-effs-tree-based-sub,aes2-effs-tree-based-v2,False,False,aes2-effs-tree-based-v2: no Kaggle ref found (unverified)
seoyunje/aes-2-lgbm-backbone,aes2-embedding-features,False,False,aes2-embedding-features: no Kaggle ref found (unverified)
batprem/aes2-tuning-ensemble,aes2-eval-added-fb-prize-as-features-8168c5,False,False,kernel:batprem/aes2-eval-added-fb-prize-as-features-8168c5: access not checked (rate limit / API budget) (unverified)
haoweihua/aes2-ensemble-xgb-lgb,aes2-eval-added-fb-prize-as-features-8168c5,False,False,kernel:batprem/aes2-eval-added-fb-prize-as-features-8168c5: access not checked (rate limit / API budget) (unverified)
justin1357/cv0-854,aes2-eval-added-fb-prize-as-features-8168c5,False,False,kernel:batprem/aes2-eval-added-fb-prize-as-features-8168c5: access not checked (rate limit / API budget) (unverified)
lenferdetroud/aes2-tuning-ensemble,aes2-eval-added-fb-prize-as-features-8168c5,False,False,kernel:batprem/aes2-eval-added-fb-prize-as-features-8168c5: access not checked (rate limit / API budget) (unverified)
nguynminh444/aes2-modeling-with-fb-scoring,aes2-eval-added-fb-prize-as-features-8168c5,False,False,kernel:batprem/aes2-eval-added-fb-prize-as-features-8168c5: access not checked (rate limit / API budget) (unverified)
shan007007/how-good-is-that-essay,aes2-eval-added-fb-prize-as-features-8168c5,False,False,kernel:batprem/aes2-eval-added-fb-prize-as-features-8168c5: access not checked (rate limit / API budget) (unverified)
tingyu516/aes2-private-score-0-83531,aes2-eval-added-fb-prize-as-features-8168c5,False,False,kernel:batprem/aes2-eval-added-fb-prize-as-features-8168c5: access not checked (rate limit / API budget) (unverified)
tingyu516/aes2-private-score-0-83531,aes2-extracted-features,False,False,dataset:samvelkoch/aes2-extracted-features: access not checked (rate limit / API budget) (unverified)
tasfiqkamran/essay-scoring-3-inference,aes2-fe,False,False,dataset:tasfiqkamran/aes2-fe: access not checked (rate limit / API budget) (unverified)
ryenhails/aes2-lgbm-deberta-baseline,aes2-feature-selection,False,False,dataset:ryenhails/aes2-feature-selection: access not checked (rate limit / API budget) (unverified)
seoyunje/aes-2-lgbm-backbone,aes2-lgbm,False,False,aes2-lgbm: no Kaggle ref found (unverified)
seoyunje/aes-2-lgbm-backbone,aes2-lgbm-backbone,False,False,aes2-lgbm-backbone: no Kaggle ref found (unverified)
seoyunje/aes-2-lgbm-backbone,aes2-lightgbm,False,False,aes2-lightgbm: no Kaggle ref found (unverified)
tasfiqkamran/essay-scoring-3-inference,aes2-pip-wheels,False,False,kernel:tasfiqkamran/aes2-pip-wheels: access not checked (rate limit / API budget) (unverified)
batprem/aes2-xgboost-lightboost-share-the-same-loss,aes2-preprocessing,False,False,kernel:batprem/aes2-preprocessing: access not checked (rate limit / API budget) (unverified)
stefanoclss/unselected-0-836-private-score-submission,aes2-preprocessing,False,False,kernel:batprem/aes2-preprocessing: access not checked (rate limit / API budget) (unverified)
ryenhails/aes2-lgbm-deberta-baseline,aes2-tf-debertav3-base-hidden-vector-and-model,False,False,aes2-tf-debertav3-base-hidden-vector-and-model: no Kaggle ref found (unverified)
seoyunje/aes-2-catboost-starter-lb-0-791,aes2-train-csv-and-model,False,False,aes2-train-csv-and-model: no Kaggle ref found (unverified)
morningduck/aes2-inference,aes2-training-deberta,False,False,aes2-training-deberta: no Kaggle ref found (unverified)
morningduck/aes2-inference,aes2-training-lgbm,False,False,aes2-training-lgbm: no Kaggle ref found (unverified)
stefanoclss/unselected-0-836-private-score-submission,aes2-what-are-the-essays-about,False,False,kernel:mpware/aes2-what-are-the-essays-about: access not checked (rate limit / API budget) (unverified)
seoyunje/aes2-xgboost-starter-lb-0-784,aes2-xgb,False,False,aes2-xgb: no Kaggle ref found (unverified)
seoyunje/aes2-xgboost-starter-lb-0-784,aes2-xgboost,False,False,aes2-xgboost: no Kaggle ref found (unverified)
seoyunje/aes2-xgboost-starter-lb-0-784,aes2-xgboost-starter,False,False,aes2-xgboost-starter: no Kaggle ref found (unverified)
hhhmgk/aes2-0-main,aes2.0-lgbm,False,False,model:hhhmgk/aes2.0-lgbm/ScikitLearn/15f-lgbm-xgboost/2: access not checked (rate limit / API budget) (unverified)
ravi20076/aes2024-baseline-inference,aes2024ancillary,False,False,dataset:ravi20076/aes2024ancillary: access not checked (rate limit / API budget) (unverified)
alexeykarnachev/kernel1864bcfc13,aggle-google-qa-labeling,False,False,aggle-google-qa-labeling: no Kaggle ref found (unverified)
konradb/ch4-end-to-end-nlp,alphas-vector,False,False,alphas-vector: no Kaggle ref found (unverified)
syhens/aes2-inference-single-model,ases-oofs,False,False,dataset:syhens/ases-oofs: access not checked (rate limit / API budget) (unverified)
syhens/aes2-voting,ases-oofs,False,False,dataset:syhens/ases-oofs: access not checked (rate limit / API budget) (unverified)
asaliquid1011/hms-team-inference-ktmud,audio-library,False,False,kernel:asaliquid1011/audio-library: access not checked (rate limit / API budget) (unverified)
robinxie/notebook679429ce16,auto-scoring,False,False,auto-scoring: no Kaggle ref found (unverified)
aikhmelnytskyy/quick-start-lgbm,autogluon-cpu,False,False,kernel:aikhmelnytskyy/autogluon-cpu: access not checked (rate limit / API budget) (unverified)
xiaocao123/aes2-5folddeberta-lgbm-weighted-blending,autogluon-cpu,False,False,kernel:aikhmelnytskyy/autogluon-cpu: access not checked (rate limit / API budget) (unverified)
aikhmelnytskyy/quick-start-lgbm,autogluon-gpu,False,False,kernel:aikhmelnytskyy/autogluon-gpu: access not checked (rate limit / API budget) (unverified)
xiaocao123/aes2-5folddeberta-lgbm-weighted-blending,autogluon-gpu,False,False,kernel:aikhmelnytskyy/autogluon-gpu: access not checked (rate limit / API budget) (unverified)
abhikjha/fastai-google-quest,awd-lstm,False,False,dataset:hkemon/awd-lstm: access not checked (rate limit / API budget) (unverified)
asaliquid1011/hms-team-inference-ktmud,base-library,False,False,kernel:asaliquid1011/base-library: access not checked (rate limit / API budget) (unverified)
,baseanswer,False,False,baseanswer: no Kaggle ref found (unverified)
,basequestion,False,False,basequestion: no Kaggle ref found (unverified)
bluexleoxgreen/google-quest-inference-kernel,bert-base,False,False,kernel:orionpax00/bert-base: access not checked (rate limit / API budget) (unverified)
daigohirooka/huggingface-tfbert-for-full-prediction,bert-base-5cv,False,False,bert-base-5cv: no Kaggle ref found (unverified)
daigohirooka/huggingface-tfbert-for-full-prediction,bert-base-double-5cv-early-stop,False,False,bert-base-double-5cv-early-stop: no Kaggle ref found (unverified)
nxrprime/jigsaw-google-q-a-eda-ii,bert-base-tf2-0-minimalistic-iii,False,False,kernel:nxrprime/bert-base-tf2-0-minimalistic-iii: access not checked (rate limit / API budget) (unverified)
nxrprime/jigsaw-google-q-a-eda-ii,bert-base-tf2-0-now-huggingface-transformer,False,False,kernel:dhirus/bert-base-tf2-0-now-huggingface-transformer: access not checked (rate limit / API budget) (unverified)
nxrprime/jigsaw-google-q-a-eda-ii,bert-base-tf2.0-minimalistic-iii,False,False,bert-base-tf2.0-minimalistic-iii: no Kaggle ref found (unverified)
lhohoz/bert-base-pytorch-inference,bert-fold1,False,False,dataset:lhohoz/bert-fold1: access not checked (rate limit / API budget) (unverified)
lhohoz/bert-base-pytorch-inference,bert-fold1-bertadam,False,False,bert-fold1-bertadam: no Kaggle ref found (unverified)
lhohoz/bert-base-pytorch-inference,bert-fold1-g,False,False,bert-fold1-g: no Kaggle ref found (unverified)
lhohoz/bert-base-pytorch-inference,bert-fold1-joint,False,False,bert-fold1-joint: no Kaggle ref found (unverified)
lhohoz/bert-base-pytorch-inference,bert-fold1-multi,False,False,bert-fold1-multi: no Kaggle ref found (unverified)
lhohoz/bert-base-pytorch-inference,bert-fold1-new,False,False,bert-fold1-new: no Kaggle ref found (unverified)
lhohoz/bert-base-pytorch-inference,bert-fold1-title,False,False,bert-fold1-title: no Kaggle ref found (unverified)
lhohoz/bert-base-pytorch-inference,bert-fold10,False,False,bert-fold10: no Kaggle ref found (unverified)
lhohoz/bert-base-pytorch-inference,bert-fold10-g,False,False,bert-fold10-g: no Kaggle ref found (unverified)
lhohoz/bert-base-pytorch-inference,bert-fold1_new,False,False,bert-fold1_new: no Kaggle ref found (unverified)
lhohoz/bert-base-pytorch-inference,bert-fold2,False,False,dataset:lhohoz/bert-fold2: access not checked (rate limit / API budget) (unverified)
lhohoz/bert-base-pytorch-inference,bert-fold2-bertadam,False,False,bert-fold2-bertadam: no Kaggle ref found (unverified)
lhohoz/bert-base-pytorch-inference,bert-fold2-g,False,False,bert-fold2-g: no Kaggle ref found (unverified)
lhohoz/bert-base-pytorch-inference,bert-fold2-joint,False,False,bert-fold2-joint: no Kaggle ref found (unverified)
lhohoz/bert-base-pytorch-inference,bert-fold2-multi,False,False,bert-fold2-multi: no Kaggle ref found (unverified)
lhohoz/bert-base-pytorch-inference,bert-fold2-new,False,False,bert-fold2-new: no Kaggle ref found (unverified)
lhohoz/bert-base-pytorch-inference,bert-fold2-title,False,False,bert-fold2-title: no Kaggle ref found (unverified)
lhohoz/bert-base-pytorch-inference,bert-fold3,False,False,dataset:lhohoz/bert-fold3: access not checked (rate limit / API budget) (unverified)
lhohoz/bert-base-pytorch-inference,bert-fold3-bertadam,False,False,bert-fold3-bertadam: no Kaggle ref found (unverified)
lhohoz/bert-base-pytorch-inference,bert-fold3-g,False,False,bert-fold3-g: no Kaggle ref found (unverified)
lhohoz/bert-base-pytorch-inference,bert-fold3-joint,False,False,bert-fold3-joint: no Kaggle ref found (unverified)
lhohoz/bert-base-pytorch-inference,bert-fold3-multi,False,False,bert-fold3-multi: no Kaggle ref found (unverified)
lhohoz/bert-base-pytorch-inference,bert-fold3-new,False,False,bert-fold3-new: no Kaggle ref found (unverified)
lhohoz/bert-base-pytorch-inference,bert-fold3-title,False,False,bert-fold3-title: no Kaggle ref found (unverified)
lhohoz/bert-base-pytorch-inference,bert-fold3_new,False,False,bert-fold3_new: no Kaggle ref found (unverified)
lhohoz/bert-base-pytorch-inference,bert-fold4,False,False,dataset:lhohoz/bert-fold4: access not checked (rate limit / API budget) (unverified)
lhohoz/bert-base-pytorch-inference,bert-fold4-bertadam,False,False,bert-fold4-bertadam: no Kaggle ref found (unverified)
lhohoz/bert-base-pytorch-inference,bert-fold4-g,False,False,bert-fold4-g: no Kaggle ref found (unverified)
lhohoz/bert-base-pytorch-inference,bert-fold4-joint,False,False,bert-fold4-joint: no Kaggle ref found (unverified)
lhohoz/bert-base-pytorch-inference,bert-fold4-multi,False,False,bert-fold4-multi: no Kaggle ref found (unverified)
lhohoz/bert-base-pytorch-inference,bert-fold4-new,False,False,bert-fold4-new: no Kaggle ref found (unverified)
lhohoz/bert-base-pytorch-inference,bert-fold4-title,False,False,bert-fold4-title: no Kaggle ref found (unverified)
lhohoz/bert-base-pytorch-inference,bert-fold5,False,False,dataset:lhohoz/bert-fold5: access not checked (rate limit / API budget) (unverified)
lhohoz/bert-base-pytorch-inference,bert-fold5-bertadam,False,False,bert-fold5-bertadam: no Kaggle ref found (unverified)
lhohoz/bert-base-pytorch-inference,bert-fold5-g,False,False,bert-fold5-g: no Kaggle ref found (unverified)
lhohoz/bert-base-pytorch-inference,bert-fold5-joint,False,False,bert-fold5-joint: no Kaggle ref found (unverified)
lhohoz/bert-base-pytorch-inference,bert-fold5-multi,False,False,bert-fold5-multi: no Kaggle ref found (unverified)
lhohoz/bert-base-pytorch-inference,bert-fold5-new,False,False,bert-fold5-new: no Kaggle ref found (unverified)
lhohoz/bert-base-pytorch-inference,bert-fold5-title,False,False,bert-fold5-title: no Kaggle ref found (unverified)
lhohoz/bert-base-pytorch-inference,bert-fold6,False,False,bert-fold6: no Kaggle ref found (unverified)
lhohoz/bert-base-pytorch-inference,bert-fold6-g,False,False,bert-fold6-g: no Kaggle ref found (unverified)
lhohoz/bert-base-pytorch-inference,bert-fold7,False,False,bert-fold7: no Kaggle ref found (unverified)
lhohoz/bert-base-pytorch-inference,bert-fold7-g,False,False,bert-fold7-g: no Kaggle ref found (unverified)
lhohoz/bert-base-pytorch-inference,bert-fold8,False,False,bert-fold8: no Kaggle ref found (unverified)
lhohoz/bert-base-pytorch-inference,bert-fold8-g,False,False,bert-fold8-g: no Kaggle ref found (unverified)
lhohoz/bert-base-pytorch-inference,bert-fold9,False,False,bert-fold9: no Kaggle ref found (unverified)
lhohoz/bert-base-pytorch-inference,bert-fold9-g,False,False,bert-fold9-g: no Kaggle ref found (unverified)
nxrprime/jigsaw-google-q-a-eda-ii,bert-model-pretrained,False,False,bert-model-pretrained: no Kaggle ref found (unverified)
khoongweihao/google-quest-bert-base-tf2-0-inference,bert-pretrained-3-epochs-10-folds-1e5-lr,False,False,dataset:khoongweihao/bert-pretrained-3-epochs-10-folds-1e5-lr: access not checked (rate limit / API budget) (unverified)
khoongweihao/google-quest-bert-base-tf2-0-inference,bert-tuned-3-epochs-10-folds,False,False,dataset:khoongweihao/bert-tuned-3-epochs-10-folds: access not checked (rate limit / API budget) (unverified)
khoongweihao/google-quest-bert-base-tf2-0-inference,bert-tuned-4-epochs-10-folds-2e5-lr,False,False,dataset:khoongweihao/bert-tuned-4-epochs-10-folds-2e5-lr: access not checked (rate limit / API budget) (unverified)
lhohoz/bert-base-pytorch-inference,bert-v1,False,False,bert-v1: no Kaggle ref found (unverified)
lhohoz/bert-base-pytorch-inference,bert-v2,False,False,bert-v2: no Kaggle ref found (unverified)
lhohoz/bert-base-pytorch-inference,bert-v3,False,False,bert-v3: no Kaggle ref found (unverified)
phoenix9032/pytorch-bert-plain,bert290,False,False,bert290: no Kaggle ref found (unverified)
daigohirooka/huggingface-tfbert-for-full-prediction,bertbasetriplet5cv,False,False,bertbasetriplet5cv: no Kaggle ref found (unverified)
mobassir/jigsaw-google-q-a-eda,bertf1e15,False,False,bertf1e15: no Kaggle ref found (unverified)
nizamuddin/qa-augur,bertf1e15,False,False,bertf1e15: no Kaggle ref found (unverified)
nxrprime/jigsaw-google-q-a-eda-ii,bertf1e15,False,False,bertf1e15: no Kaggle ref found (unverified)
nizamuddin/qa-augur,berthub,False,False,dataset:marceloo/berthub: access not checked (rate limit / API budget) (unverified)
nxrprime/jigsaw-google-q-a-eda-ii,bertmodelpretrained,False,False,dataset:nxrprime/bertmodelpretrained: access not checked (rate limit / API budget) (unverified)
lhohoz/bert-base-pytorch-inference,bertpretrained,False,False,dataset:ryches/bertpretrained: access not checked (rate limit / API budget) (unverified)
khoongweihao/google-quest-bert-base-tf2-0-inference,bertpretrained9epochs,False,False,dataset:khoongweihao/bertpretrained9epochs: access not checked (rate limit / API budget) (unverified)
khoongweihao/google-quest-bert-base-tf2-0-inference,berttuned3epochs10folds,False,False,berttuned3epochs10folds: no Kaggle ref found (unverified)
khoongweihao/google-quest-bert-base-tf2-0-inference,berttuned5epochs,False,False,dataset:khoongweihao/berttuned5epochs: access not checked (rate limit / API budget) (unverified)
mobassir/jigsaw-google-q-a-eda,bertuned-f,False,False,bertuned-f: no Kaggle ref found (unverified)
nizamuddin/qa-augur,bertuned-f,False,False,bertuned-f: no Kaggle ref found (unverified)
nxrprime/jigsaw-google-q-a-eda-ii,bertuned-f,False,False,bertuned-f: no Kaggle ref found (unverified)
justin1357/cv0-854,best-model,False,False,best-model: no Kaggle ref found (unverified)
batprem/aes2-xgboost-lightboost-share-the-same-loss,best-model-1,False,False,best-model-1: no Kaggle ref found (unverified)
justin1357/cv0-854,best-relabel-model,False,False,dataset:justin1357/best-relabel-model: access not checked (rate limit / API budget) (unverified)
justin1357/cv0-854,bigbird-large,False,False,dataset:justin1357/bigbird-large: access not checked (rate limit / API budget) (unverified)
azraimohamad/essay-score-prediction-deberta-x-lora-training,bnb-to-load-transformers-models,False,False,dataset:kaimingmit/bnb-to-load-transformers-models: access not checked (rate limit / API budget) (unverified)
dmitryshibaev/hms-eeg-model,bottleneck-installer,False,False,bottleneck-installer: no Kaggle ref found (unverified)
dmitryshibaev/hms-model,bottleneck-installer,False,False,bottleneck-installer: no Kaggle ref found (unverified)
dmitryshibaev/hms-spectr-model,bottleneck-installer,False,False,bottleneck-installer: no Kaggle ref found (unverified)
dmitryshibaev/hms-eeg-model,bottleneck-package,False,False,kernel:dmitryshibaev/bottleneck-package: access not checked (rate limit / API budget) (unverified)
dmitryshibaev/hms-model,bottleneck-package,False,False,kernel:dmitryshibaev/bottleneck-package: access not checked (rate limit / API budget) (unverified)
dmitryshibaev/hms-spectr-model,bottleneck-package,False,False,kernel:dmitryshibaev/bottleneck-package: access not checked (rate limit / API budget) (unverified)
emanlapponi/qa-labels,bpemb-en-bin,False,False,bpemb-en-bin: no Kaggle ref found (unverified)
minhsienweng/train-infer-efficientnetb0-starter,brain-eeg-spectrograms-data,False,False,dataset:minhsienweng/brain-eeg-spectrograms-data: access not checked (rate limit / API budget) (unverified)
sunyuri/hms-vipeegnetv1,brain-imgs,False,False,brain-imgs: no Kaggle ref found (unverified)
tygofrancissen/inference-notebook,brain-solver,False,False,dataset:luepoe/brain-solver: access not checked (rate limit / API budget) (unverified)
tygofrancissen/train-notebook,brain-solver,False,False,dataset:luepoe/brain-solver: access not checked (rate limit / API budget) (unverified)
sunyuri/hms-vipeegnetv1,brain-stfts,False,False,brain-stfts: no Kaggle ref found (unverified)
ptran1203/ranzcr-efficientnetb5-tf2-inference,cassava2020weights,False,False,cassava2020weights: no Kaggle ref found (unverified)
tpothjuan/efficientnetb7-tfrecords,catheter-models-trained-with-tpu,False,False,catheter-models-trained-with-tpu: no Kaggle ref found (unverified)
seoyunje/hms-wavenet-pseudo-labeling,central-part,False,False,central-part: no Kaggle ref found (unverified)
anmolgarg1998/hms-combined-eeg-spectrogram,combined-hms-fold5,False,False,combined-hms-fold5: no Kaggle ref found (unverified)
anmolgarg1998/hms-combined-eeg-spectrogram,combined-model-hms,False,False,combined-model-hms: no Kaggle ref found (unverified)
rhubainmageswaran/hms-hbact-test3c-messy-submission,convnext,False,False,model:spsayakpaul/convnext/TensorFlow2/tiny-1k-224/1: access not checked (rate limit / API budget) (unverified)
,csv-tijiao,False,False,csv-tijiao: no Kaggle ref found (unverified)
makuiky/hms-submit-notebook,cuarto-modelo,False,False,cuarto-modelo: no Kaggle ref found (unverified)
sunyuri/hms-vipeegnetv1,cupy20240401,False,False,cupy20240401: no Kaggle ref found (unverified)
tygofrancissen/inference-notebook,d2l-package,False,False,dataset:tygofrancissen/d2l-package: access not checked (rate limit / API budget) (unverified)
tygofrancissen/train-notebook,d2l-package,False,False,dataset:tygofrancissen/d2l-package: access not checked (rate limit / API budget) (unverified)
narsil/knai-2024-04-29,daigt-misc,False,False,dataset:narsil/daigt-misc: access not checked (rate limit / API budget) (unverified)
tangchengshun/bert-tensorflow2-0-10,data-input,False,False,kernel:bulter22/data-input: access not checked (rate limit / API budget) (unverified)
tasfiqkamran/essay-scoring-3-inference,debarta-v3-small-ft-aes,False,False,dataset:tasfiqkamran/debarta-v3-small-ft-aes: access not checked (rate limit / API budget) (unverified)
justin1357/cv0-854,debert-base-relabel-aes,False,False,dataset:justin1357/debert-base-relabel-aes: access not checked (rate limit / API budget) (unverified)
justin1357/cv0-854,deberta-base-gkf-42,False,False,dataset:justin1357/deberta-base-gkf-42: access not checked (rate limit / API budget) (unverified)
hilda21/aes2-deberta-lgbm-countvectorizer-lb-814,deberta-kaggle-0-815932,False,False,deberta-kaggle-0-815932: no Kaggle ref found (unverified)
justin1357/cv0-854,deberta-large-114514-relabel,False,False,dataset:justin1357/deberta-large-114514-relabel: access not checked (rate limit / API budget) (unverified)
justin1357/cv0-854,deberta-large-666-relabel,False,False,dataset:justin1357/deberta-large-666-relabel: access not checked (rate limit / API budget) (unverified)
justin1357/cv0-854,deberta-large-backtrans,False,False,dataset:justin1357/deberta-large-backtrans: access not checked (rate limit / API budget) (unverified)
hhhmgk/aes2-0-main,deberta-v3-base,False,False,dataset:jonathanchan/deberta-v3-base: access not checked (rate limit / API budget) (unverified)
syhens/aes2-inference-single-model,deberta-v3-base,False,False,dataset:jonathanchan/deberta-v3-base: access not checked (rate limit / API budget) (unverified)
syhens/aes2-voting,deberta-v3-base,False,False,dataset:jonathanchan/deberta-v3-base: access not checked (rate limit / API budget) (unverified)
hhhmgk/aes2-0-main,deberta-v3-finetuned-aes2,False,False,deberta-v3-finetuned-aes2: no Kaggle ref found (unverified)
azraimohamad/essay-score-prediction-deberta-x-lora-training,deberta-v3-for-offline,False,False,kernel:imainjob/deberta-v3-for-offline: access not checked (rate limit / API budget) (unverified)
robinxie/notebook679429ce16,deberta-v3-large,False,False,dataset:jonathanchan/deberta-v3-large: access not checked (rate limit / API budget) (unverified)
syhens/aes2-inference-single-model,deberta-v3-large,False,False,dataset:jonathanchan/deberta-v3-large: access not checked (rate limit / API budget) (unverified)
syhens/aes2-voting,deberta-v3-large,False,False,dataset:jonathanchan/deberta-v3-large: access not checked (rate limit / API budget) (unverified)
justin1357/cv0-854,deberta-v3-large-trial42,False,False,deberta-v3-large-trial42: no Kaggle ref found (unverified)
syhens/aes2-inference-single-model,deberta-v3-small,False,False,dataset:jonathanchan/deberta-v3-small: access not checked (rate limit / API budget) (unverified)
syhens/aes2-voting,deberta-v3-small,False,False,dataset:jonathanchan/deberta-v3-small: access not checked (rate limit / API budget) (unverified)
hcmus0pgn/group-15-debertav3-for-aes2-0,deberta-v3-small-trained,False,False,dataset:nguyen2phuong5nam/deberta-v3-small-trained: access not checked (rate limit / API budget) (unverified)
stefannastase/10-fold-lgbm-regressor-with-deberta,deberta_v3,False,False,model:keras/deberta_v3/Keras/deberta_v3_extra_small_en/2: access not checked (rate limit / API budget) (unverified)
yugimotou/debert-aes,deberta_v3_small_finetuned_aes_itus2024,False,False,deberta_v3_small_finetuned_aes_itus2024: no Kaggle ref found (unverified)
ajpath/dinov2-vit-pytorch-draft-test,dinov2,False,False,model:metaresearch/dinov2/PyTorch/small/1: access not checked (rate limit / API budget) (unverified)
ykojima1989/fine-tune-bert-use-on-sklearn-pipeline,distilbertbaseuncasedtf,False,False,distilbertbaseuncasedtf: no Kaggle ref found (unverified)
abhijeetbiswasiitb/kernel107f123349,distilbertembedding,False,False,distilbertembedding: no Kaggle ref found (unverified)
stefanoclss/unselected-0-836-private-score-submission,downgrade-pandas,False,False,kernel:cdeotte/downgrade-pandas: access not checked (rate limit / API budget) (unverified)
ryenhails/aes2-lgbm-deberta-baseline,download-huggingface-models,False,False,kernel:cdeotte/download-huggingface-models: access not checked (rate limit / API budget) (unverified)
stefanoclss/unselected-0-836-private-score-submission,download-huggingface-models,False,False,kernel:cdeotte/download-huggingface-models: access not checked (rate limit / API budget) (unverified)
asaliquid1011/hms-team-inference-ktmud,download-omegaconf,False,False,kernel:kazumax0720/download-omegaconf: access not checked (rate limit / API budget) (unverified)
asaliquid1011/hms-team-inference-ktmud,download-timm,False,False,kernel:kazumax0720/download-timm: access not checked (rate limit / API budget) (unverified)
mcseem/aes-submission-with-replicated-word-stat-features,easy-words,False,False,dataset:zhaohaixiang/easy-words: access not checked (rate limit / API budget) (unverified)
rostepifanov/nnspt-1d-effitientnet-v2-starter-lb-0-46,ecgmentationswheel,False,False,dataset:rostepifanov/ecgmentationswheel: access not checked (rate limit / API budget) (unverified)
kitsuha/only-use-eeg-features-xgboost-baseling,eeg-features,False,False,dataset:kitsuha/eeg-features: access not checked (rate limit / API budget) (unverified)
minhsienweng/infer-three-models-of-resnet-efficientnetb2,eeg-spectrograms,False,False,dataset:nartaa/eeg-spectrograms: access not checked (rate limit / API budget) (unverified)
minhsienweng/train-infer-efficientnetb0-starter,eeg-spectrograms,False,False,dataset:nartaa/eeg-spectrograms: access not checked (rate limit / API budget) (unverified)
nartaa/features-head-starter,eeg-spectrograms,False,False,dataset:nartaa/eeg-spectrograms: access not checked (rate limit / API budget) (unverified)
nartaa/training-features-head-starter-testbed-003,eeg-spectrograms,False,False,dataset:nartaa/eeg-spectrograms: access not checked (rate limit / API budget) (unverified)
ryankim17920/variational-auto-encoder-training,eeg-spectrograms,False,False,dataset:nartaa/eeg-spectrograms: access not checked (rate limit / API budget) (unverified)
seoyunje/hms-wavenet-pseudo-labeling,eegs-16,False,False,dataset:seoyunje/eegs-16: access not checked (rate limit / API budget) (unverified)
arefbagherzadeh/starter-aref,eegysd,False,False,eegysd: no Kaggle ref found (unverified)
shantanu778/ranzcr-pytorch-training,effdet-latestvinbigdata-wbf-fused,False,False,dataset:sreevishnudamodaran/effdet-latestvinbigdata-wbf-fused: access not checked (rate limit / API budget) (unverified)
shantanu778/ranzcr-pytorch-training,efficient-net-wheel,False,False,dataset:sanjaydsb/efficient-net-wheel: access not checked (rate limit / API budget) (unverified)
tpothjuan/efficientnetb7-tfrecords,efficientnet-b0-for-keras-no-top,False,False,dataset:tpothjuan/efficientnet-b0-for-keras-no-top: access not checked (rate limit / API budget) (unverified)
seoyunje/nih-chest-x-ray-image-classification,efficientnet-b0-ns-tuh,False,False,efficientnet-b0-ns-tuh: no Kaggle ref found (unverified)
yezhiheng/zy-three-model-ensemble-gpu100,efficientnet-b1-ownspectrograms,False,False,dataset:naomideenen/efficientnet-b1-ownspectrograms: access not checked (rate limit / API budget) (unverified)
tpothjuan/efficientnetb7-tfrecords,efficientnet-b7-no-top-keras,False,False,efficientnet-b7-no-top-keras: no Kaggle ref found (unverified)
ameya98/efficientnet-submission,efficientnet-keras-source-code,False,False,dataset:xhlulu/efficientnet-keras-source-code: access not checked (rate limit / API budget) (unverified)
ipythonx/keras-ranzcr-multi-attention-efficientnet-tpu,efficientnet-keras-source-code,False,False,dataset:xhlulu/efficientnet-keras-source-code: access not checked (rate limit / API budget) (unverified)
khoongweihao/x-ray-needle-augmentation-et-al,efficientnet-keras-source-code,False,False,dataset:xhlulu/efficientnet-keras-source-code: access not checked (rate limit / API budget) (unverified)
shanmukh05/ranzcr-clip-tpu-submission,efficientnet-keras-source-code,False,False,dataset:xhlulu/efficientnet-keras-source-code: access not checked (rate limit / API budget) (unverified)
tpothjuan/efficientnetb7-tfrecords,efficientnet-keras-source-code,False,False,dataset:xhlulu/efficientnet-keras-source-code: access not checked (rate limit / API budget) (unverified)
xhlulu/ranzcr-efficientnet-gpu-starter-train-submit,efficientnet-keras-source-code,False,False,dataset:xhlulu/efficientnet-keras-source-code: access not checked (rate limit / API budget) (unverified)
xhlulu/ranzcr-efficientnet-submission,efficientnet-keras-source-code,False,False,dataset:xhlulu/efficientnet-keras-source-code: access not checked (rate limit / API budget) (unverified)
minhsienweng/train-infer-efficientnetb0-starter,efficientnet-model-weights,False,False,dataset:minhsienweng/efficientnet-model-weights: access not checked (rate limit / API budget) (unverified)
anmolgarg1998/hms-combined-eeg-spectrogram,efficientnet-pytorch,False,False,dataset:kozodoi/efficientnet-pytorch: access not checked (rate limit / API budget) (unverified)
ameya98/efficientnet-submission,efficientnet-tpu,False,False,kernel:ameya98/efficientnet-tpu: access not checked (rate limit / API budget) (unverified)
minhsienweng/infer-three-models-of-resnet-efficientnetb2,efficientnetb-tf-keras,False,False,dataset:nartaa/efficientnetb-tf-keras: access not checked (rate limit / API budget) (unverified)
minhsienweng/train-infer-efficientnetb0-starter,efficientnetb-tf-keras,False,False,dataset:nartaa/efficientnetb-tf-keras: access not checked (rate limit / API budget) (unverified)
nartaa/features-head-starter,efficientnetb-tf-keras,False,False,dataset:nartaa/efficientnetb-tf-keras: access not checked (rate limit / API budget) (unverified)
nartaa/training-features-head-starter-testbed-003,efficientnetb-tf-keras,False,False,dataset:nartaa/efficientnetb-tf-keras: access not checked (rate limit / API budget) (unverified)
ryankim17920/variational-auto-encoder-training,efficientnetb-tf-keras,False,False,dataset:nartaa/efficientnetb-tf-keras: access not checked (rate limit / API budget) (unverified)
yezhiheng/zy-three-model-ensemble-gpu100,efficientnetb-tf-keras,False,False,dataset:nartaa/efficientnetb-tf-keras: access not checked (rate limit / API budget) (unverified)
hideyukizushi/hms-blend-all-torch-publicmodel-simpleblend-lb-32,efficientnetb0,False,False,dataset:kitsuha/efficientnetb0: access not checked (rate limit / API budget) (unverified)
andreasbis/hms-inference-lb-0-41,efficientnetb0-weights,False,False,dataset:thoahthanh/efficientnetb0-weights: access not checked (rate limit / API budget) (unverified)
hideyukizushi/hms-blend-all-torch-publicmodel-simpleblend-lb-32,efficientnetb1,False,False,dataset:kitsuha/efficientnetb1: access not checked (rate limit / API budget) (unverified)
nartaa/training-features-head-starter-testbed-003,efficientnetb2-starter-lb-0-57,False,False,kernel:felipenano/efficientnetb2-starter-lb-0-57: access not checked (rate limit / API budget) (unverified)
ameya98/efficientnet-submission,effnet-tpu-2,False,False,effnet-tpu-2: no Kaggle ref found (unverified)
justin1357/cv0-854,embeddings-from-large-42-relabel,False,False,dataset:justin1357/embeddings-from-large-42-relabel: access not checked (rate limit / API budget) (unverified)
jacobsharples/starter-catboost-notebook-cv-0-59-lb-0-61,engineered-features-for-hms-2024,False,False,dataset:jacobsharples/engineered-features-for-hms-2024: access not checked (rate limit / API budget) (unverified)
batprem/aes2-tuning-ensemble,english-word-hx,False,False,dataset:xianhellg/english-word-hx: access not checked (rate limit / API budget) (unverified)
batprem/aes2-xgboost-lightboost-share-the-same-loss,english-word-hx,False,False,dataset:xianhellg/english-word-hx: access not checked (rate limit / API budget) (unverified)
caokhoihuynh/feature-engineeing-lgbm-copy-ver,english-word-hx,False,False,dataset:xianhellg/english-word-hx: access not checked (rate limit / API budget) (unverified)
hhhmgk/aes2-0-main,english-word-hx,False,False,dataset:xianhellg/english-word-hx: access not checked (rate limit / API budget) (unverified)
hilda21/aes2-deberta-lgbm-countvectorizer-lb-814,english-word-hx,False,False,dataset:xianhellg/english-word-hx: access not checked (rate limit / API budget) (unverified)
huggon1/deberta-lgbm,english-word-hx,False,False,dataset:xianhellg/english-word-hx: access not checked (rate limit / API budget) (unverified)
mcseem/aes-submission-with-replicated-word-stat-features,english-word-hx,False,False,dataset:xianhellg/english-word-hx: access not checked (rate limit / API budget) (unverified)
nguynminh444/aes2-modeling-with-fb-scoring,english-word-hx,False,False,dataset:xianhellg/english-word-hx: access not checked (rate limit / API budget) (unverified)
ravi20076/aes2024-baseline-inference,english-word-hx,False,False,dataset:xianhellg/english-word-hx: access not checked (rate limit / API budget) (unverified)
robinxie/notebook679429ce16,english-word-hx,False,False,dataset:xianhellg/english-word-hx: access not checked (rate limit / API budget) (unverified)
ryenhails/aes2-lgbm-deberta-baseline,english-word-hx,False,False,dataset:xianhellg/english-word-hx: access not checked (rate limit / API budget) (unverified)
shan007007/how-good-is-that-essay,english-word-hx,False,False,dataset:xianhellg/english-word-hx: access not checked (rate limit / API budget) (unverified)
stefanoclss/unselected-0-836-private-score-submission,english-word-hx,False,False,dataset:xianhellg/english-word-hx: access not checked (rate limit / API budget) (unverified)
thyanhm/fit-hcmus-2,english-word-hx,False,False,dataset:xianhellg/english-word-hx: access not checked (rate limit / API budget) (unverified)
tingyu516/aes2-private-score-0-83531,english-word-hx,False,False,dataset:xianhellg/english-word-hx: access not checked (rate limit / API budget) (unverified)
xiaocao123/aes2-5folddeberta-lgbm-weighted-blending,english-word-hx,False,False,dataset:xianhellg/english-word-hx: access not checked (rate limit / API budget) (unverified)
yongsukprasertsuk/0-818-deberta-v3-large-lgbm-baseline,english-word-hx,False,False,dataset:xianhellg/english-word-hx: access not checked (rate limit / API budget) (unverified)
siddhvr/aes-2-0-deberta-lgbm-baseline,es-deberta-large-fold0,False,False,dataset:idv2005/es-deberta-large-fold0: access not checked (rate limit / API budget) (unverified)
tasfiqkamran/essay-scoring-3-inference,essay-scoring-2,False,False,essay-scoring-2: no Kaggle ref found (unverified)
tasfiqkamran/essay-scoring-3-inference,essay-scoring-3,False,False,essay-scoring-3: no Kaggle ref found (unverified)
shan007007/how-good-is-that-essay,essay-scoring-features,False,False,essay-scoring-features: no Kaggle ref found (unverified)
caokhoihuynh/feature-engineeing-lgbm-copy-ver,essays-with-score-16,False,False,essays-with-score-16: no Kaggle ref found (unverified)
satyaprakashshukl/countvectorizer-essay-scoring-analysis,essaytil,False,False,dataset:satyaprakashshukl/essaytil: access not checked (rate limit / API budget) (unverified)
syhens/aes2-inference-single-model,exp301-1-base-f0,False,False,exp301-1-base-f0: no Kaggle ref found (unverified)
syhens/aes2-inference-single-model,exp301-1-large-itpt10-all,False,False,exp301-1-large-itpt10-all: no Kaggle ref found (unverified)
syhens/aes2-inference-single-model,exp301-1-large-itpt10-f0,False,False,exp301-1-large-itpt10-f0: no Kaggle ref found (unverified)
syhens/aes2-inference-single-model,exp301-1-small-f0,False,False,exp301-1-small-f0: no Kaggle ref found (unverified)
syhens/aes2-inference-single-model,exp301-base-clf-f0,False,False,exp301-base-clf-f0: no Kaggle ref found (unverified)
syhens/aes2-inference-single-model,exp301-base-rk2-f0,False,False,exp301-base-rk2-f0: no Kaggle ref found (unverified)
syhens/aes2-voting,exp301-base-rk2-f0,False,False,exp301-base-rk2-f0: no Kaggle ref found (unverified)
syhens/aes2-inference-single-model,exp301-large-f0-lr,False,False,exp301-large-f0-lr: no Kaggle ref found (unverified)
syhens/aes2-inference-single-model,exp301-topic-large-all,False,False,exp301-topic-large-all: no Kaggle ref found (unverified)
syhens/aes2-inference-single-model,exp301d-base-all,False,False,exp301d-base-all: no Kaggle ref found (unverified)
syhens/aes2-inference-single-model,exp301d-base-awp-itpt10-f0,False,False,exp301d-base-awp-itpt10-f0: no Kaggle ref found (unverified)
syhens/aes2-inference-single-model,exp301d-base-awp2-itpit10-f0,False,False,exp301d-base-awp2-itpit10-f0: no Kaggle ref found (unverified)
syhens/aes2-inference-single-model,exp301d-base-itpt10-f0,False,False,exp301d-base-itpt10-f0: no Kaggle ref found (unverified)
syhens/aes2-inference-single-model,exp301d-small-itpt20-all,False,False,exp301d-small-itpt20-all: no Kaggle ref found (unverified)
syhens/aes2-inference-single-model,exp301e-deberta-v3-base-10-topic-fold,False,False,exp301e-deberta-v3-base-10-topic-fold: no Kaggle ref found (unverified)
syhens/aes2-inference-single-model,exp301f-large-itpt10-f0,False,False,exp301f-large-itpt10-f0: no Kaggle ref found (unverified)
syhens/aes2-inference-single-model,exp301h-large768-itpt10-f0,False,False,exp301h-large768-itpt10-f0: no Kaggle ref found (unverified)
syhens/aes2-inference-single-model,exp301z-large-itpt10-all,False,False,exp301z-large-itpt10-all: no Kaggle ref found (unverified)
syhens/aes2-inference-single-model,exp302-cope-large-all,False,False,dataset:syhens/exp302-cope-large-all: access not checked (rate limit / API budget) (unverified)
syhens/aes2-voting,exp302-cope-large-all,False,False,dataset:syhens/exp302-cope-large-all: access not checked (rate limit / API budget) (unverified)
syhens/aes2-inference-single-model,exp302-large-f0-ts,False,False,exp302-large-f0-ts: no Kaggle ref found (unverified)
syhens/aes2-inference-single-model,exp302-pl-large-f0,False,False,exp302-pl-large-f0: no Kaggle ref found (unverified)
syhens/aes2-inference-single-model,exp302-pl-v2-large-f0,False,False,exp302-pl-v2-large-f0: no Kaggle ref found (unverified)
syhens/aes2-inference-single-model,exp302-pl-v3c-large-f0,False,False,exp302-pl-v3c-large-f0: no Kaggle ref found (unverified)
syhens/aes2-inference-single-model,exp302-small-kd,False,False,dataset:syhens/exp302-small-kd: access not checked (rate limit / API budget) (unverified)
syhens/aes2-inference-single-model,exp302b-large-f0-ts-ext,False,False,exp302b-large-f0-ts-ext: no Kaggle ref found (unverified)
syhens/aes2-inference-single-model,exp302c-large-scale-best,False,False,dataset:syhens/exp302c-large-scale-best: access not checked (rate limit / API budget) (unverified)
syhens/aes2-voting,exp302c-large-scale-best,False,False,dataset:syhens/exp302c-large-scale-best: access not checked (rate limit / API budget) (unverified)
syhens/aes2-inference-single-model,exp302c-large-scale-best-all,False,False,dataset:syhens/exp302c-large-scale-best-all: access not checked (rate limit / API budget) (unverified)
syhens/aes2-inference-single-model,exp302c-large-stage2-only,False,False,dataset:syhens/exp302c-large-stage2-only: access not checked (rate limit / API budget) (unverified)
syhens/aes2-inference-single-model,exp302d-base-all-ts,False,False,exp302d-base-all-ts: no Kaggle ref found (unverified)
syhens/aes2-voting,exp302d-base-all-ts,False,False,exp302d-base-all-ts: no Kaggle ref found (unverified)
syhens/aes2-inference-single-model,exp302d-base-f0-ts,False,False,exp302d-base-f0-ts: no Kaggle ref found (unverified)
syhens/aes2-inference-single-model,exp302d-large-best-all,False,False,dataset:syhens/exp302d-large-best-all: access not checked (rate limit / API budget) (unverified)
syhens/aes2-voting,exp302d-large-best-all,False,False,dataset:syhens/exp302d-large-best-all: access not checked (rate limit / API budget) (unverified)
syhens/aes2-inference-single-model,exp302d-large-best-full,False,False,exp302d-large-best-full: no Kaggle ref found (unverified)
syhens/aes2-inference-single-model,exp302d-large-f0,False,False,dataset:syhens/exp302d-large-f0: access not checked (rate limit / API budget) (unverified)
syhens/aes2-inference-single-model,exp303-pet-large-2e-5,False,False,dataset:syhens/exp303-pet-large-2e-5: access not checked (rate limit / API budget) (unverified)
syhens/aes2-inference-single-model,exp303-pet-large-f0,False,False,exp303-pet-large-f0: no Kaggle ref found (unverified)
syhens/aes2-inference-single-model,exp303-ts-large-all,False,False,dataset:syhens/exp303-ts-large-all: access not checked (rate limit / API budget) (unverified)
syhens/aes2-voting,exp303-ts-large-all,False,False,dataset:syhens/exp303-ts-large-all: access not checked (rate limit / API budget) (unverified)
syhens/aes2-inference-single-model,exp303b-lang-f0,False,False,dataset:syhens/exp303b-lang-f0: access not checked (rate limit / API budget) (unverified)
syhens/aes2-inference-single-model,exp303b-pet-f0-true,False,False,exp303b-pet-f0-true: no Kaggle ref found (unverified)
syhens/aes2-inference-single-model,exp303d-pet-base-itpt10-015-f0,False,False,exp303d-pet-base-itpt10-015-f0: no Kaggle ref found (unverified)
syhens/aes2-voting,exp303d-pet-base-itpt10-015-f0,False,False,exp303d-pet-base-itpt10-015-f0: no Kaggle ref found (unverified)
syhens/aes2-inference-single-model,exp305-base-separated-f0,False,False,exp305-base-separated-f0: no Kaggle ref found (unverified)
syhens/aes2-inference-single-model,exp305-large-20-all,False,False,exp305-large-20-all: no Kaggle ref found (unverified)
syhens/aes2-voting,exp305-large-20-all,False,False,exp305-large-20-all: no Kaggle ref found (unverified)
syhens/aes2-inference-single-model,exp305-large-20-f0,False,False,exp305-large-20-f0: no Kaggle ref found (unverified)
syhens/aes2-inference-single-model,exp305-small-separated-f0,False,False,exp305-small-separated-f0: no Kaggle ref found (unverified)
syhens/aes2-inference-single-model,exp306-hybrid-aes2-deberta-v3-large-10,False,False,exp306-hybrid-aes2-deberta-v3-large-10: no Kaggle ref found (unverified)
syhens/aes2-inference-single-model,exp306-hybrid-large-best-all,False,False,exp306-hybrid-large-best-all: no Kaggle ref found (unverified)
syhens/aes2-inference-single-model,exp306-hybrid-large-best-last,False,False,exp306-hybrid-large-best-last: no Kaggle ref found (unverified)
syhens/aes2-inference-single-model,exp306-large-ordinal-all,False,False,dataset:syhens/exp306-large-ordinal-all: access not checked (rate limit / API budget) (unverified)
syhens/aes2-voting,exp306-large-ordinal-all,False,False,dataset:syhens/exp306-large-ordinal-all: access not checked (rate limit / API budget) (unverified)
syhens/aes2-inference-single-model,exp306-large-ordinal-f0,False,False,exp306-large-ordinal-f0: no Kaggle ref found (unverified)
syhens/aes2-inference-single-model,exp306-small-last,False,False,dataset:syhens/exp306-small-last: access not checked (rate limit / API budget) (unverified)
syhens/aes2-inference-single-model,exp306b-large-all,False,False,dataset:syhens/exp306b-large-all: access not checked (rate limit / API budget) (unverified)
syhens/aes2-inference-single-model,exp306b-large-all-last,False,False,dataset:syhens/exp306b-large-all-last: access not checked (rate limit / API budget) (unverified)
syhens/aes2-voting,exp306b-large-all-last,False,False,dataset:syhens/exp306b-large-all-last: access not checked (rate limit / API budget) (unverified)
syhens/aes2-inference-single-model,exp306b-large-clean-last,False,False,dataset:syhens/exp306b-large-clean-last: access not checked (rate limit / API budget) (unverified)
syhens/aes2-voting,exp306b-large-clean-last,False,False,dataset:syhens/exp306b-large-clean-last: access not checked (rate limit / API budget) (unverified)
syhens/aes2-inference-single-model,exp306b-large-last-full,False,False,dataset:syhens/exp306b-large-last-full: access not checked (rate limit / API budget) (unverified)
syhens/aes2-voting,exp306b-large-last-full,False,False,dataset:syhens/exp306b-large-last-full: access not checked (rate limit / API budget) (unverified)
syhens/aes2-inference-single-model,exp306b-topic-large-best-all,False,False,exp306b-topic-large-best-all: no Kaggle ref found (unverified)
syhens/aes2-inference-single-model,exp307-large-all,False,False,dataset:syhens/exp307-large-all: access not checked (rate limit / API budget) (unverified)
syhens/aes2-voting,exp307-large-all,False,False,dataset:syhens/exp307-large-all: access not checked (rate limit / API budget) (unverified)
syhens/aes2-inference-single-model,exp311-large-sep-multiscale-f0,False,False,exp311-large-sep-multiscale-f0: no Kaggle ref found (unverified)
syhens/aes2-inference-single-model,exp320-large-last,False,False,dataset:syhens/exp320-large-last: access not checked (rate limit / API budget) (unverified)
syhens/aes2-voting,exp320-large-last,False,False,dataset:syhens/exp320-large-last: access not checked (rate limit / API budget) (unverified)
syhens/aes2-inference-single-model,exp320b-large-last,False,False,dataset:syhens/exp320b-large-last: access not checked (rate limit / API budget) (unverified)
syhens/aes2-voting,exp320b-large-last,False,False,dataset:syhens/exp320b-large-last: access not checked (rate limit / API budget) (unverified)
syhens/aes2-inference-single-model,exp321-large-ms-all,False,False,dataset:syhens/exp321-large-ms-all: access not checked (rate limit / API budget) (unverified)
syhens/aes2-voting,exp321-large-ms-all,False,False,dataset:syhens/exp321-large-ms-all: access not checked (rate limit / API budget) (unverified)
alexeykarnachev/kernel1864bcfc13,experiments,False,False,experiments: no Kaggle ref found (unverified)
sunyuri/hms-vipeegnetv1,extra-data,False,False,extra-data: no Kaggle ref found (unverified)
manyregression/fastai-ulmfit-google-quest-sp,fastai-en-wiki-100kk-data-with-sentencepiece,False,False,dataset:manyregression/fastai-en-wiki-100kk-data-with-sentencepiece: access not checked (rate limit / API budget) (unverified)
manyregression/fastai-ulmfit-google-quest-sp,fastai-en-wiki-100kk-pretrained-sp-awdlstm,False,False,dataset:manyregression/fastai-en-wiki-100kk-pretrained-sp-awdlstm: access not checked (rate limit / API budget) (unverified)
manyregression/fastai-no-spacy-transformers-here,fastai-google-quest-lm,False,False,fastai-google-quest-lm: no Kaggle ref found (unverified)
manyregression/fastai-no-spacy-transformers-here,fastai-wt103-models,False,False,dataset:manyregression/fastai-wt103-models: access not checked (rate limit / API budget) (unverified)
artgor/pytorch-approach,fasttext-crawl-300d-2m,False,False,dataset:yekenot/fasttext-crawl-300d-2m: access not checked (rate limit / API budget) (unverified)
viswajithkn/understand-q-a,fasttext-crawl-300d-2m,False,False,dataset:yekenot/fasttext-crawl-300d-2m: access not checked (rate limit / API budget) (unverified)
tasfiqkamran/essay-scoring-3-inference,fb3-pip-wheels,False,False,kernel:yasufuminakama/fb3-pip-wheels: access not checked (rate limit / API budget) (unverified)
justin1357/cv0-854,fb3models,False,False,dataset:kojimar/fb3models: access not checked (rate limit / API budget) (unverified)
justin1357/cv0-854,fb3models3,False,False,fb3models3: no Kaggle ref found (unverified)
goldenlock/image-model-single-model-with-lb0-235-pb0-283,fcwt-py,False,False,fcwt-py: no Kaggle ref found (unverified)
bluexleoxgreen/google-quest-inference-kernel,feat-multi,False,False,feat-multi: no Kaggle ref found (unverified)
bluexleoxgreen/google-quest-inference-kernel,feat-nn,False,False,feat-nn: no Kaggle ref found (unverified)
nartaa/features-head-starter,features-head-starter-lb-0-42,False,False,features-head-starter-lb-0-42: no Kaggle ref found (unverified)
nartaa/features-head-starter,features-head-starter-lb-0-48,False,False,features-head-starter-lb-0-48: no Kaggle ref found (unverified)
nartaa/training-features-head-starter-testbed-003,features-head-starter-lb-0-48,False,False,features-head-starter-lb-0-48: no Kaggle ref found (unverified)
nartaa/features-head-starter,features-head-starter-lb-0-49,False,False,features-head-starter-lb-0-49: no Kaggle ref found (unverified)
minhsienweng/infer-three-models-of-resnet-efficientnetb2,features-head-starter-models,False,False,dataset:nartaa/features-head-starter-models: access not checked (rate limit / API budget) (unverified)
minhsienweng/train-infer-efficientnetb0-starter,features-head-starter-models,False,False,dataset:nartaa/features-head-starter-models: access not checked (rate limit / API budget) (unverified)
nartaa/features-head-starter,features-head-starter-models,False,False,dataset:nartaa/features-head-starter-models: access not checked (rate limit / API budget) (unverified)
nartaa/training-features-head-starter-testbed-003,features-head-starter-models,False,False,dataset:nartaa/features-head-starter-models: access not checked (rate limit / API budget) (unverified)
ryankim17920/variational-auto-encoder-training,features-head-starter-models,False,False,dataset:nartaa/features-head-starter-models: access not checked (rate limit / API budget) (unverified)
yezhiheng/zy-three-model-ensemble-gpu100,features-head-starter-models,False,False,dataset:nartaa/features-head-starter-models: access not checked (rate limit / API budget) (unverified)
tasfiqkamran/essay-scoring-3-inference,feedback-prize-3,False,False,kernel:tasfiqkamran/feedback-prize-3: access not checked (rate limit / API budget) (unverified)
tasfiqkamran/essay-scoring-3-inference,feedback-prize-english-language-learning,False,True,competition:feedback-prize-english-language-learning (rules not accepted)
seoyunje/nih-chest-x-ray-image-classification,fir-filter,False,False,fir-filter: no Kaggle ref found (unverified)
,flquestion,False,False,flquestion: no Kaggle ref found (unverified)
,flquestion1,False,False,flquestion1: no Kaggle ref found (unverified)
robinxie/notebook679429ce16,fully-tuned-auto-scoring,False,False,fully-tuned-auto-scoring: no Kaggle ref found (unverified)
justin1357/cv0-854,gbdts-models-pb,False,False,dataset:justin1357/gbdts-models-pb: access not checked (rate limit / API budget) (unverified)
anexperiencedidiot/hms-boosting,generated-features-from-spectrograms,False,False,generated-features-from-spectrograms: no Kaggle ref found (unverified)
ryenhails/aes2-lgbm-deberta-baseline,generated-new-sample,False,False,generated-new-sample: no Kaggle ref found (unverified)
justin1357/cv0-854,glove-840b-300d,False,False,dataset:justin1357/glove-840b-300d: access not checked (rate limit / API budget) (unverified)
emanlapponi/qa-labels,glove-global-vectors-for-word-representation,False,False,dataset:rtatman/glove-global-vectors-for-word-representation: access not checked (rate limit / API budget) (unverified)
vinaydoshi/tfbert-ensemble-preprocess-v1,google-qa-bert-trained-tfbert-hiddenl-preprocess,False,False,google-qa-bert-trained-tfbert-hiddenl-preprocess: no Kaggle ref found (unverified)
alexeykarnachev/kernel1864bcfc13,google-qa-experiments,False,False,google-qa-experiments: no Kaggle ref found (unverified)
alexeykarnachev/kernel1864bcfc13,google-qa-libs,False,False,google-qa-libs: no Kaggle ref found (unverified)
ykojima1989/fine-tune-bert-use-on-sklearn-pipeline,google-quest-challenge-pipeline-cached,False,False,google-quest-challenge-pipeline-cached: no Kaggle ref found (unverified)
ykojima1989/fine-tune-bert-use-on-sklearn-pipeline,google-quest-challenge-trained-models,False,False,google-quest-challenge-trained-models: no Kaggle ref found (unverified)
alexeykarnachev/kernel1864bcfc13,googleqaexperiments,False,False,googleqaexperiments: no Kaggle ref found (unverified)
alexeykarnachev/kernel1864bcfc13,googleqalabeling,False,False,googleqalabeling: no Kaggle ref found (unverified)
ruhong/google-quest-challenge,googlequestchallenge,False,False,googlequestchallenge: no Kaggle ref found (unverified)
,googlesubmission,False,False,googlesubmission: no Kaggle ref found (unverified)
bluexleoxgreen/google-quest-inference-kernel,gq-debug,False,False,gq-debug: no Kaggle ref found (unverified)
bluexleoxgreen/google-quest-inference-kernel,gq-inf-scripts,False,False,gq-inf-scripts: no Kaggle ref found (unverified)
stefanoclss/unselected-0-836-private-score-submission,grouped-data,False,False,grouped-data: no Kaggle ref found (unverified)
narareddy/classify-brain-activity-pretrained-mobilenet-v2,harmful-brain-activity-spectrogram-data,False,False,harmful-brain-activity-spectrogram-data: no Kaggle ref found (unverified)
raufie/specs-based-inference,hba-efficientnet-weights,False,False,hba-efficientnet-weights: no Kaggle ref found (unverified)
ichigoe/llama-3-8b-instruct-prompt-tuning,hf-libraries,False,False,dataset:nbroad/hf-libraries: access not checked (rate limit / API budget) (unverified)
dan3dewey/hms-2024-brain-addicted-to-tinkering,hms-2024-brain-data,False,False,hms-2024-brain-data: no Kaggle ref found (unverified)
cooolz/notebookc1c6c389c3,hms-3d,False,False,hms-3d: no Kaggle ref found (unverified)
cooolz/notebookc1c6c389c3,hms-baseline,False,False,hms-baseline: no Kaggle ref found (unverified)
hideyukizushi/hms-blend-all-torch-publicmodel-simpleblend-lb-32,hms-baseline-resnet34d-512-512-training,False,False,kernel:yunsuxiaozi/hms-baseline-resnet34d-512-512-training: access not checked (rate limit / API budget) (unverified)
hideyukizushi/hms-blend-all-torch-publicmodel-simpleblend-lb-32,hms-baseline-resnet34d-512-512-training-5-folds,False,False,kernel:yunsuxiaozi/hms-baseline-resnet34d-512-512-training-5-folds: access not checked (rate limit / API budget) (unverified)
quan0095/hms-best-public-final,hms-bestlb-vitbase,False,False,hms-bestlb-vitbase: no Kaggle ref found (unverified)
anmolgarg1998/hms-combined-eeg-spectrogram,hms-combined-4split,False,False,hms-combined-4split: no Kaggle ref found (unverified)
cooolz/notebookc1c6c389c3,hms-convnext,False,False,hms-convnext: no Kaggle ref found (unverified)
seoyunje/nih-chest-x-ray-image-classification,hms-denoising-with-dmey,False,False,hms-denoising-with-dmey: no Kaggle ref found (unverified)
cooolz/notebookc1c6c389c3,hms-double-head,False,False,hms-double-head: no Kaggle ref found (unverified)
cooolz/notebookc1c6c389c3,hms-eeg,False,False,dataset:nartaa/hms-eeg: access not checked (rate limit / API budget) (unverified)
minhsienweng/infer-three-models-of-resnet-efficientnetb2,hms-eeg,False,False,dataset:nartaa/hms-eeg: access not checked (rate limit / API budget) (unverified)
nartaa/features-head-starter,hms-eeg,False,False,dataset:nartaa/hms-eeg: access not checked (rate limit / API budget) (unverified)
cooolz/notebookc1c6c389c3,hms-eeg-16chans,False,False,hms-eeg-16chans: no Kaggle ref found (unverified)
anmolgarg1998/hms-combined-eeg-spectrogram,hms-eeg-raw-dataset,False,False,hms-eeg-raw-dataset: no Kaggle ref found (unverified)
anmolgarg1998/hms-combined-eeg-spectrogram,hms-eeg-raw-dataset-16waves,False,False,kernel:anmolgarg1998/hms-eeg-raw-dataset-16waves: access not checked (rate limit / API budget) (unverified)
cooolz/notebookc1c6c389c3,hms-eeg-raw2500,False,False,hms-eeg-raw2500: no Kaggle ref found (unverified)
alexzxie/hms-harmful-brain-activity-classification,hms-eeg-spectrograms,False,False,hms-eeg-spectrograms: no Kaggle ref found (unverified)
cooolz/notebookc1c6c389c3,hms-effv2-m,False,False,hms-effv2-m: no Kaggle ref found (unverified)
nartaa/features-head-starter,hms-harmful-brain-model,False,False,hms-harmful-brain-model: no Kaggle ref found (unverified)
nartaa/training-features-head-starter-testbed-003,hms-harmful-brain-model,False,False,hms-harmful-brain-model: no Kaggle ref found (unverified)
nartaa/training-features-head-starter-testbed-003,hms-harmful-model,False,False,hms-harmful-model: no Kaggle ref found (unverified)
gunesevitan/hms-hbac-inference,hms-hbac-dataset,False,False,dataset:gunesevitan/hms-hbac-dataset: access not checked (rate limit / API budget) (unverified)
pansofluck/hms-hbac-resnet34d-inference,hms-hbac-resnet34d-baseline-exp02,False,False,hms-hbac-resnet34d-baseline-exp02: no Kaggle ref found (unverified)
asaliquid1011/hms-team-inference-ktmud,hms-hbac-src,False,False,dataset:hiroitakafumi/hms-hbac-src: access not checked (rate limit / API budget) (unverified)
asaliquid1011/hms-team-inference-ktmud,hms-hbac-weight,False,False,dataset:hiroitakafumi/hms-hbac-weight: access not checked (rate limit / API budget) (unverified)
seoyunje/nih-chest-x-ray-image-classification,hms-hybrid-model,False,False,hms-hybrid-model: no Kaggle ref found (unverified)
nartaa/features-head-starter,hms-maiia,False,False,hms-maiia: no Kaggle ref found (unverified)
chenboluo/hms-efficientnetb0-pytorch-test-time-adaptive,hms-maxvit-v1,False,False,hms-maxvit-v1: no Kaggle ref found (unverified)
cooolz/notebookc1c6c389c3,hms-mix,False,False,hms-mix: no Kaggle ref found (unverified)
tezdhar/mk-sub-1,hms-mk-codes,False,False,hms-mk-codes: no Kaggle ref found (unverified)
tezdhar/mk-sub-1,hms-mk-codesv2,False,False,hms-mk-codesv2: no Kaggle ref found (unverified)
tezdhar/mk-sub-1,hms-mk-data,False,False,hms-mk-data: no Kaggle ref found (unverified)
asaliquid1011/hms-team-inference-ktmud,hms-models,False,False,dataset:ryanirl/hms-models: access not checked (rate limit / API budget) (unverified)
makuiky/hms-submit-notebook,hms-models,False,False,dataset:ryanirl/hms-models: access not checked (rate limit / API budget) (unverified)
nartaa/training-features-head-starter-testbed-003,hms-models,False,False,dataset:ryanirl/hms-models: access not checked (rate limit / API budget) (unverified)
ryanirl/hms-baseline-sub,hms-models,False,False,dataset:ryanirl/hms-models: access not checked (rate limit / API budget) (unverified)
asaliquid1011/hms-team-inference-ktmud,hms-models-10,False,False,dataset:kazumax0720/hms-models-10: access not checked (rate limit / API budget) (unverified)
asaliquid1011/hms-team-inference-ktmud,hms-models-11,False,False,dataset:kazumax0720/hms-models-11: access not checked (rate limit / API budget) (unverified)
asaliquid1011/hms-team-inference-ktmud,hms-models-12,False,False,dataset:kazumax0720/hms-models-12: access not checked (rate limit / API budget) (unverified)
asaliquid1011/hms-team-inference-ktmud,hms-models-13,False,False,dataset:kazumax0720/hms-models-13: access not checked (rate limit / API budget) (unverified)
asaliquid1011/hms-team-inference-ktmud,hms-models-14,False,False,dataset:kazumax0720/hms-models-14: access not checked (rate limit / API budget) (unverified)
asaliquid1011/hms-team-inference-ktmud,hms-models-9,False,False,dataset:kazumax0720/hms-models-9: access not checked (rate limit / API budget) (unverified)
asaliquid1011/hms-team-inference-ktmud,hms-models2,False,False,hms-models2: no Kaggle ref found (unverified)
asaliquid1011/hms-team-inference-ktmud,hms-models3,False,False,hms-models3: no Kaggle ref found (unverified)
chenboluo/hms-efficientnetb0-pytorch-test-time-adaptive,hms-multi-class-image-classification-train,False,False,hms-multi-class-image-classification-train: no Kaggle ref found (unverified)
maudvandelockant/ensemble-wavenet-and-efficientnet,hms-multi-class-image-classification-train,False,False,hms-multi-class-image-classification-train: no Kaggle ref found (unverified)
cooolz/notebookc1c6c389c3,hms-mvit,False,False,hms-mvit: no Kaggle ref found (unverified)
cooolz/notebookc1c6c389c3,hms-nolead,False,False,hms-nolead: no Kaggle ref found (unverified)
andreasbis/hms-inference-lb-0-41,hms-pytorch-baseline-training-dataset,False,False,hms-pytorch-baseline-training-dataset: no Kaggle ref found (unverified)
makuiky/hms-submit-notebook,hms-quinto-modelo,False,False,hms-quinto-modelo: no Kaggle ref found (unverified)
chenboluo/hms-efficientnetb0-pytorch-test-time-adaptive,hms-resnet-50,False,False,hms-resnet-50: no Kaggle ref found (unverified)
hideyukizushi/hms-blend-all-torch-publicmodel-simpleblend-lb-32,hms-resnet1d-gru-weights-v102,False,False,hms-resnet1d-gru-weights-v102: no Kaggle ref found (unverified)
konstantinboyko/hms-resnet1d-gru-v22-human-6-inference,hms-resnet1d-gru-weights-v19-filter-085-25,False,False,hms-resnet1d-gru-weights-v19-filter-085-25: no Kaggle ref found (unverified)
konstantinboyko/hms-resnet1d-gru-v22-human-6-inference,hms-resnet1d-gru-weights-v22-human-6,False,False,hms-resnet1d-gru-weights-v22-human-6: no Kaggle ref found (unverified)
konstantinboyko/hms-resnet1d-gru-v22-human-6-inference,hms-resnet1d-gru-weights-v38-human-6,False,False,hms-resnet1d-gru-weights-v38-human-6: no Kaggle ref found (unverified)
konstantinboyko/hms-resnet1d-gru-v22-human-6-inference,hms-resnet1d-gru-weights-v39-human-0-3-6,False,False,hms-resnet1d-gru-weights-v39-human-0-3-6: no Kaggle ref found (unverified)
konstantinboyko/hms-resnet1d-gru-v22-human-6-inference,hms-resnet1d-gru-weights-v42,False,False,hms-resnet1d-gru-weights-v42: no Kaggle ref found (unverified)
konstantinboyko/hms-resnet1d-gru-v22-human-6-inference,hms-resnet1d-gru-weights-v49,False,False,hms-resnet1d-gru-weights-v49: no Kaggle ref found (unverified)
konstantinboyko/hms-resnet1d-gru-v22-human-6-inference,hms-resnet1d-gru-weights-v51,False,False,hms-resnet1d-gru-weights-v51: no Kaggle ref found (unverified)
konstantinboyko/hms-resnet1d-gru-v22-human-6-inference,hms-resnet1d-gru-weights-v61,False,False,hms-resnet1d-gru-weights-v61: no Kaggle ref found (unverified)
minhsienweng/infer-three-models-of-resnet-efficientnetb2,hms-resnet1d-gru-weights-v82,False,False,dataset:konstantinboyko/hms-resnet1d-gru-weights-v82: access not checked (rate limit / API budget) (unverified)
yezhiheng/zy-three-model-ensemble-gpu100,hms-resnet1d-gru-weights-v82,False,False,dataset:konstantinboyko/hms-resnet1d-gru-weights-v82: access not checked (rate limit / API budget) (unverified)
yezhiheng/zy-three-model-ensemble-gpu100,hms-resnet1d-gru-weights-v84,False,False,hms-resnet1d-gru-weights-v84: no Kaggle ref found (unverified)
yezhiheng/zy-three-model-ensemble-gpu100,hms-resnet1d-gru-weights-v90,False,False,hms-resnet1d-gru-weights-v90: no Kaggle ref found (unverified)
yezhiheng/zy-three-model-ensemble-gpu100,hms-resnet1d-gru-weights-v96-full,False,False,hms-resnet1d-gru-weights-v96-full: no Kaggle ref found (unverified)
yezhiheng/zy-three-model-ensemble-gpu100,hms-resnet1d-gru-weights-v98,False,False,hms-resnet1d-gru-weights-v98: no Kaggle ref found (unverified)
makuiky/hms-submit-notebook,hms-segundo-modelo,False,False,hms-segundo-modelo: no Kaggle ref found (unverified)
quan0095/hms-best-public-final,hms-stage2,False,False,hms-stage2: no Kaggle ref found (unverified)
quan0095/hms-best-public-final,hms-stage2-2,False,False,hms-stage2-2: no Kaggle ref found (unverified)
quan0095/hms-best-public-final,hms-stage2-vitlarge,False,False,hms-stage2-vitlarge: no Kaggle ref found (unverified)
makuiky/hms-submit-notebook,hms-tercer-modelo,False,False,hms-tercer-modelo: no Kaggle ref found (unverified)
asaliquid1011/hms-team-inference-ktmud,hms-th-wheels,False,False,hms-th-wheels: no Kaggle ref found (unverified)
andreasbis/hms-inference-lb-0-41,hms-train-efficientnetb0,False,False,kernel:andreasbis/hms-train-efficientnetb0: access not checked (rate limit / API budget) (unverified)
minhsienweng/infer-three-models-of-resnet-efficientnetb2,hms-train-efficientnetb0,False,False,kernel:andreasbis/hms-train-efficientnetb0: access not checked (rate limit / API budget) (unverified)
yezhiheng/zy-three-model-ensemble-gpu100,hms-train-efficientnetb0,False,False,kernel:andreasbis/hms-train-efficientnetb0: access not checked (rate limit / API budget) (unverified)
andreasbis/hms-inference-lb-0-41,hms-train-efficientnetb1,False,False,kernel:andreasbis/hms-train-efficientnetb1: access not checked (rate limit / API budget) (unverified)
minhsienweng/infer-three-models-of-resnet-efficientnetb2,hms-train-efficientnetb1,False,False,kernel:andreasbis/hms-train-efficientnetb1: access not checked (rate limit / API budget) (unverified)
andreasbis/hms-inference-lb-0-41,hms-train-resnet34d,False,False,kernel:andreasbis/hms-train-resnet34d: access not checked (rate limit / API budget) (unverified)
minhsienweng/infer-three-models-of-resnet-efficientnetb2,hms-train-resnet34d,False,False,kernel:andreasbis/hms-train-resnet34d: access not checked (rate limit / API budget) (unverified)
seoyunje/nih-chest-x-ray-image-classification,hms-tuh-eeg-20s-spectrogram,False,False,hms-tuh-eeg-20s-spectrogram: no Kaggle ref found (unverified)
seoyunje/nih-chest-x-ray-image-classification,hms-tuh-eeg-spectrogram,False,False,hms-tuh-eeg-spectrogram: no Kaggle ref found (unverified)
asaliquid1011/hms-team-inference-ktmud,hms-v6-datasets,False,False,dataset:maxchen303/hms-v6-datasets: access not checked (rate limit / API budget) (unverified)
asaliquid1011/hms-team-inference-ktmud,hms-v6-pipeline-packed,False,False,dataset:maxchen303/hms-v6-pipeline-packed: access not checked (rate limit / API budget) (unverified)
chenboluo/hms-efficientnetb0-pytorch-test-time-adaptive,hms-wdis,False,False,hms-wdis: no Kaggle ref found (unverified)
cooolz/notebookc1c6c389c3,hms-x3d-m,False,False,hms-x3d-m: no Kaggle ref found (unverified)
dmitryshibaev/hms-model,hsm-eeg-model,False,False,hsm-eeg-model: no Kaggle ref found (unverified)
dmitryshibaev/hms-model,hsm-spectr-model,False,False,hsm-spectr-model: no Kaggle ref found (unverified)
leontanemura/jiiiiiiiiip,huggingface-bert,False,False,dataset:xhlulu/huggingface-bert: access not checked (rate limit / API budget) (unverified)
leontanemura/jipotane,huggingface-bert,False,False,dataset:xhlulu/huggingface-bert: access not checked (rate limit / API budget) (unverified)
leontanemura/jiiiiiiiiip,huggingface-roberta,False,False,dataset:dimitreoliveira/huggingface-roberta: access not checked (rate limit / API budget) (unverified)
vinaydoshi/tfbert-ensemble-preprocess-v1,huggingface-transformers,False,False,dataset:goosedude/huggingface-transformers: access not checked (rate limit / API budget) (unverified)
azraimohamad/essay-score-prediction-deberta-x-lora-training,huggingfacedebertav3variants,False,False,dataset:verracodeguacas/huggingfacedebertav3variants: access not checked (rate limit / API budget) (unverified)
hhhmgk/aes2-0-main,huggingfacedebertav3variants,False,False,dataset:verracodeguacas/huggingfacedebertav3variants: access not checked (rate limit / API budget) (unverified)
jaloeffe92/learning-agency-first-model,huggingfacedebertav3variants,False,False,dataset:verracodeguacas/huggingfacedebertav3variants: access not checked (rate limit / API budget) (unverified)
justin1357/cv0-854,huggingfacedebertav3variants,False,False,dataset:verracodeguacas/huggingfacedebertav3variants: access not checked (rate limit / API budget) (unverified)
leontanemura/jiiiiiiiiip,huggingfacedebertav3variants,False,False,dataset:verracodeguacas/huggingfacedebertav3variants: access not checked (rate limit / API budget) (unverified)
minhquan069/deberta-finetuning-aes,huggingfacedebertav3variants,False,False,dataset:verracodeguacas/huggingfacedebertav3variants: access not checked (rate limit / API budget) (unverified)
minhquan2k1/debert-aes,huggingfacedebertav3variants,False,False,dataset:verracodeguacas/huggingfacedebertav3variants: access not checked (rate limit / API budget) (unverified)
morningduck/aes2-inference,huggingfacedebertav3variants,False,False,dataset:verracodeguacas/huggingfacedebertav3variants: access not checked (rate limit / API budget) (unverified)
shivangitomar/frenchfry-essay-final,huggingfacedebertav3variants,False,False,dataset:verracodeguacas/huggingfacedebertav3variants: access not checked (rate limit / API budget) (unverified)
tasfiqkamran/essay-scoring-3-inference,huggingfacedebertav3variants,False,False,dataset:verracodeguacas/huggingfacedebertav3variants: access not checked (rate limit / API budget) (unverified)
yugimotou/debert-aes,huggingfacedebertav3variants,False,False,dataset:verracodeguacas/huggingfacedebertav3variants: access not checked (rate limit / API budget) (unverified)
seoyunje/nih-chest-x-ray-image-classification,hybrid-cv,False,False,hybrid-cv: no Kaggle ref found (unverified)
seoyunje/nih-chest-x-ray-image-classification,hybrid-model,False,False,hybrid-model: no Kaggle ref found (unverified)
goldenlock/image-model-single-model-with-lb0-235-pb0-283,icecream,False,False,dataset:goldenlock/icecream: access not checked (rate limit / API budget) (unverified)
bananaaaaaa/sparcnet-working,iiic-sparcnet,False,False,dataset:stanislavgergert/iiic-sparcnet: access not checked (rate limit / API budget) (unverified)
hcmus0pgn/group-15-debertav3-for-aes2-0,init-aes2,False,False,init-aes2: no Kaggle ref found (unverified)
abdelfettahelaanba/ranzcr-catheter-resnet,inputresnet502layers,False,False,inputresnet502layers: no Kaggle ref found (unverified)
aravindpadman/efficientnet-inference,iterative-stratification,False,False,dataset:yasufuminakama/iterative-stratification: access not checked (rate limit / API budget) (unverified)
ykojima1989/fine-tune-bert-use-on-sklearn-pipeline,iterative-stratification,False,False,dataset:yasufuminakama/iterative-stratification: access not checked (rate limit / API budget) (unverified)
ruhong/google-quest-challenge,kagglerig,False,False,kagglerig: no Kaggle ref found (unverified)
xhlulu/ranzcr-efficientnet-gpu-starter-train-submit,keras-efficientnet-noisy-students,False,False,dataset:xhlulu/keras-efficientnet-noisy-students: access not checked (rate limit / API budget) (unverified)
sinamhd9/keras-models-tensorflow-data-dataset-tpu-part2,keras-models-image-data-generator-part1,False,False,keras-models-image-data-generator-part1: no Kaggle ref found (unverified)
ameya98/efficientnet-submission,kerasapplications,False,False,dataset:xhlulu/kerasapplications: access not checked (rate limit / API budget) (unverified)
ipythonx/keras-ranzcr-multi-attention-efficientnet-tpu,kerasapplications,False,False,dataset:xhlulu/kerasapplications: access not checked (rate limit / API budget) (unverified)
khoongweihao/x-ray-needle-augmentation-et-al,kerasapplications,False,False,dataset:xhlulu/kerasapplications: access not checked (rate limit / API budget) (unverified)
shanmukh05/ranzcr-clip-tpu-submission,kerasapplications,False,False,dataset:xhlulu/kerasapplications: access not checked (rate limit / API budget) (unverified)
tpothjuan/efficientnetb7-tfrecords,kerasapplications,False,False,dataset:xhlulu/kerasapplications: access not checked (rate limit / API budget) (unverified)
xhlulu/ranzcr-efficientnet-gpu-starter-train-submit,kerasapplications,False,False,dataset:xhlulu/kerasapplications: access not checked (rate limit / API budget) (unverified)
xhlulu/ranzcr-efficientnet-submission,kerasapplications,False,False,dataset:xhlulu/kerasapplications: access not checked (rate limit / API budget) (unverified)
meghakapoor/fastai-bert-universal-encoder-tfidf,kerasswa,False,False,dataset:phoenix9032/kerasswa: access not checked (rate limit / API budget) (unverified)
mcseem/aes-submission-with-replicated-word-stat-features,kneed-whl,False,False,kneed-whl: no Kaggle ref found (unverified)
nartaa/features-head-starter,knowledge-distillation,False,False,dataset:nartaa/knowledge-distillation: access not checked (rate limit / API budget) (unverified)
seoyunje/hms-wavenet-pseudo-labeling,labeled-wavenet,False,False,dataset:seoyunje/labeled-wavenet: access not checked (rate limit / API budget) (unverified)
azraimohamad/essay-score-prediction-deberta-x-lora-training,lal-scoring-wheels,False,False,lal-scoring-wheels: no Kaggle ref found (unverified)
,largeanswer1,False,False,largeanswer1: no Kaggle ref found (unverified)
,largeanswer2,False,False,largeanswer2: no Kaggle ref found (unverified)
,largequestion1,False,False,largequestion1: no Kaggle ref found (unverified)
,largequestion2,False,False,largequestion2: no Kaggle ref found (unverified)
,largequestion3,False,False,largequestion3: no Kaggle ref found (unverified)
jaloeffe92/learning-agency-first-model,learning-agency-dataset-and-checkpoint,False,False,learning-agency-dataset-and-checkpoint: no Kaggle ref found (unverified)
seoyunje/aes-2-lgbm-backbone,lgbm-deberta-embeddings,False,False,lgbm-deberta-embeddings: no Kaggle ref found (unverified)
kazars24/gb-roberta,lgbm-model,False,False,lgbm-model: no Kaggle ref found (unverified)
justin1357/cv0-854,lgbm-ver-models,False,False,dataset:justin1357/lgbm-ver-models: access not checked (rate limit / API budget) (unverified)
tingyu516/aes2-private-score-0-83531,library-kaggle,False,False,library-kaggle: no Kaggle ref found (unverified)
ichigoe/llama-3-8b-instruct-prompt-tuning,llama-3-20240625-prompt,False,False,llama-3-20240625-prompt: no Kaggle ref found (unverified)
ichigoe/llama-3-8b-instruct-prompt-tuning,llama-3-20240701,False,False,llama-3-20240701: no Kaggle ref found (unverified)
ichigoe/llama-3-8b-instruct-prompt-tuning,llama-3-20240702,False,False,llama-3-20240702: no Kaggle ref found (unverified)
ichigoe/llama-3-8b-instruct-prompt-tuning,llama-3-2048-20240625,False,False,llama-3-2048-20240625: no Kaggle ref found (unverified)
ichigoe/llama-3-8b-instruct-prompt-tuning,llama-3-8b-instruct,False,False,llama-3-8b-instruct: no Kaggle ref found (unverified)
ichigoe/llama-3-8b-instruct-prompt-tuning,llama-3-lora-test,False,False,llama-3-lora-test: no Kaggle ref found (unverified)
kazars24/gb-roberta,llgbm-models,False,False,llgbm-models: no Kaggle ref found (unverified)
jaloeffe92/learning-agency-first-model,llm-peft-pkg,False,False,dataset:tongkokoro/llm-peft-pkg: access not checked (rate limit / API budget) (unverified)
stefanoclss/unselected-0-836-private-score-submission,llm-peft-pkg,False,False,dataset:tongkokoro/llm-peft-pkg: access not checked (rate limit / API budget) (unverified)
sunyuri/hms-vipeegnetv1,locallibrosa,False,False,locallibrosa: no Kaggle ref found (unverified)
stefanoclss/unselected-0-836-private-score-submission,mistral-7b-instruct-v02-fp16,False,False,mistral-7b-instruct-v02-fp16: no Kaggle ref found (unverified)
stefanoclss/unselected-0-836-private-score-submission,mistral-preds,False,False,mistral-preds: no Kaggle ref found (unverified)
stefanoclss/unselected-0-836-private-score-submission,mistral-v0,False,False,mistral-v0: no Kaggle ref found (unverified)
maudvandelockant/ensemble-wavenet-and-efficientnet,mlip-efnet,False,False,mlip-efnet: no Kaggle ref found (unverified)
maudvandelockant/ensemble-wavenet-and-efficientnet,mlip15wavenet,False,False,mlip15wavenet: no Kaggle ref found (unverified)
narareddy/classify-brain-activity-pretrained-mobilenet-v2,mobilenet_v2_1.0_224_class6,False,False,mobilenet_v2_1.0_224_class6: no Kaggle ref found (unverified)
abdelfettahelaanba/ranzcr-catheter-resnet,model,False,False,model: no Kaggle ref found (unverified)
abdelfettahelaanba/ranzcr-catheter-resnet,model-300,False,False,model-300: no Kaggle ref found (unverified)
yijiangzhengjianhu/hms-kaggle-both,model-90-both,False,False,model-90-both: no Kaggle ref found (unverified)
egorandreasyan/essay-scoring-torch-bert,model-bert,False,False,dataset:egorandreasyan/model-bert: access not checked (rate limit / API budget) (unverified)
huggon1/deberta-lgbm,model-lgb,False,False,model-lgb: no Kaggle ref found (unverified)
yijiangzhengjianhu/hms-kaggle-both,model-mixnet-xl-label0-01,False,False,model-mixnet-xl-label0-01: no Kaggle ref found (unverified)
yijiangzhengjianhu/hms-kaggle-both,model100-two-stage-0-8kl-0-2mutilabel,False,False,model100-two-stage-0-8kl-0-2mutilabel: no Kaggle ref found (unverified)
yijiangzhengjianhu/hms-kaggle-both,model101-del-horizontalflip,False,False,model101-del-horizontalflip: no Kaggle ref found (unverified)
yijiangzhengjianhu/hms-kaggle-both,model101-dm-nf-0,False,False,model101-dm-nf-0: no Kaggle ref found (unverified)
yijiangzhengjianhu/hms-kaggle-both,model101-effecinet-b2,False,False,model101-effecinet-b2: no Kaggle ref found (unverified)
yijiangzhengjianhu/hms-kaggle-both,model101-effeicnet-b4,False,False,model101-effeicnet-b4: no Kaggle ref found (unverified)
yijiangzhengjianhu/hms-kaggle-both,model101-feature128-mixnet-xl-0-5kl,False,False,model101-feature128-mixnet-xl-0-5kl: no Kaggle ref found (unverified)
yijiangzhengjianhu/hms-kaggle-both,model101-mean-std-mixnet-xl-3epoch,False,False,model101-mean-std-mixnet-xl-3epoch: no Kaggle ref found (unverified)
yijiangzhengjianhu/hms-kaggle-both,model101-mixnet-xl-0-05,False,False,model101-mixnet-xl-0-05: no Kaggle ref found (unverified)
yijiangzhengjianhu/hms-kaggle-both,model101-mixnet-xl-896,False,False,model101-mixnet-xl-896: no Kaggle ref found (unverified)
yijiangzhengjianhu/hms-kaggle-both,model101-mixnet-xl-crop-flip,False,False,model101-mixnet-xl-crop-flip: no Kaggle ref found (unverified)
yijiangzhengjianhu/hms-kaggle-both,model101-mixnet-xl-fearture128-flip,False,False,model101-mixnet-xl-fearture128-flip: no Kaggle ref found (unverified)
yijiangzhengjianhu/hms-kaggle-both,model101-mixnet-xl-label0-02,False,False,model101-mixnet-xl-label0-02: no Kaggle ref found (unverified)
yijiangzhengjianhu/hms-kaggle-both,model101-mixnet-xl-noflip-128-avgmax-0-8kl-0-2mul,False,False,model101-mixnet-xl-noflip-128-avgmax-0-8kl-0-2mul: no Kaggle ref found (unverified)
yijiangzhengjianhu/hms-kaggle-both,model101-mixnet-xl-two-lr,False,False,model101-mixnet-xl-two-lr: no Kaggle ref found (unverified)
yijiangzhengjianhu/hms-kaggle-both,model101-noflip-128feature,False,False,model101-noflip-128feature: no Kaggle ref found (unverified)
abdelfettahelaanba/ranzcr-catheter-resnet,model300smax,False,False,model300smax: no Kaggle ref found (unverified)
abdelfettahelaanba/ranzcr-catheter-resnet,model4,False,False,model4: no Kaggle ref found (unverified)
abdelfettahelaanba/ranzcr-catheter-resnet,model700,False,False,model700: no Kaggle ref found (unverified)
abdelfettahelaanba/ranzcr-catheter-resnet,model700-50,False,False,model700-50: no Kaggle ref found (unverified)
yijiangzhengjianhu/hms-kaggle-both,model90-both-5model,False,False,model90-both-5model: no Kaggle ref found (unverified)
yijiangzhengjianhu/hms-kaggle-both,model90-stage1-stage2,False,False,model90-stage1-stage2: no Kaggle ref found (unverified)
abdelfettahelaanba/ranzcr-catheter-resnet,model_,False,False,model_: no Kaggle ref found (unverified)
hdrbozkurtt/learning-agency-lab-automated-essay-scoring-2-0,modellllllll,False,False,modellllllll: no Kaggle ref found (unverified)
justin1357/cv0-854,models0,False,False,dataset:justin1357/models0: access not checked (rate limit / API budget) (unverified)
justin1357/cv0-854,models1,False,False,dataset:justin1357/models1: access not checked (rate limit / API budget) (unverified)
abdelfettahelaanba/ranzcr-catheter-resnet,modelv1,False,False,modelv1: no Kaggle ref found (unverified)
abdelfettahelaanba/ranzcr-catheter-resnet,modelv2,False,False,modelv2: no Kaggle ref found (unverified)
nizamuddin/qa-augur,mt-dnn-largept,False,False,dataset:karlpoppery/mt-dnn-largept: access not checked (rate limit / API budget) (unverified)
ipythonx/keras-ranzcr-multi-attention-efficientnet-tpu,multiattentioncheckwg,False,False,multiattentioncheckwg: no Kaggle ref found (unverified)
kitsuha/cnn-lstm-baseline-only-use-eeg-data,new-train,False,False,new-train: no Kaggle ref found (unverified)
ykojima1989/fine-tune-bert-use-on-sklearn-pipeline,nlpaug0011,False,False,nlpaug0011: no Kaggle ref found (unverified)
leontanemura/jiiiiiiiiip,nltk-english-stopwords,False,False,dataset:serquet/nltk-english-stopwords: access not checked (rate limit / API budget) (unverified)
rostepifanov/nnspt-1d-effitientnet-v2-starter-lb-0-46,nnsptwheel,False,False,dataset:rostepifanov/nnsptwheel: access not checked (rate limit / API budget) (unverified)
syhens/aes2-inference-single-model,omegaconf,False,False,dataset:shonenkov/omegaconf: access not checked (rate limit / API budget) (unverified)
syhens/aes2-voting,omegaconf,False,False,dataset:shonenkov/omegaconf: access not checked (rate limit / API budget) (unverified)
hdrbozkurtt/learning-agency-lab-automated-essay-scoring-2-0,othercomps,False,False,othercomps: no Kaggle ref found (unverified)
hdrbozkurtt/learning-agency-lab-automated-essay-scoring-2-0,otodeneme,False,False,otodeneme: no Kaggle ref found (unverified)
nizamuddin/qa-augur,output1,False,False,output1: no Kaggle ref found (unverified)
kesavsivakumar/wavlet-decomp-entropy-features-of-coefficients,packages2,False,False,dataset:kesavsivakumar/packages2: access not checked (rate limit / API budget) (unverified)
goldenlock/image-model-single-model-with-lb0-235-pb0-283,pandarallel,False,False,dataset:goldenlock/pandarallel: access not checked (rate limit / API budget) (unverified)
gregblast/brain-boy-base,pdf2image,False,False,pdf2image: no Kaggle ref found (unverified)
morningduck/aes2-inference,peft-main,False,False,peft-main: no Kaggle ref found (unverified)
hilda21/aes2-deberta-lgbm-countvectorizer-lb-814,persaude-corpus-2,False,False,dataset:nbroad/persaude-corpus-2: access not checked (rate limit / API budget) (unverified)
ryenhails/aes2-lgbm-deberta-baseline,persaude-corpus-2,False,False,dataset:nbroad/persaude-corpus-2: access not checked (rate limit / API budget) (unverified)
soyaoki/aes2-0-phi-3-mini,phi-3-mini-128k-instruct,False,False,dataset:ktgiahieu/phi-3-mini-128k-instruct: access not checked (rate limit / API budget) (unverified)
soyaoki/aes2-0-phi-3-mini,phi-3-mini-4k-instruct,False,False,dataset:nayjest/phi-3-mini-4k-instruct: access not checked (rate limit / API budget) (unverified)
minhsienweng/train-infer-efficientnetb0-starter,pii-dataset-gemma,False,False,pii-dataset-gemma: no Kaggle ref found (unverified)
goldenlock/image-model-single-model-with-lb0-235-pb0-283,pikachu,False,False,dataset:goldenlock/pikachu: access not checked (rate limit / API budget) (unverified)
arturmrs/a-homemade-pytorch-model,pkl-preds,False,False,pkl-preds: no Kaggle ref found (unverified)
ryenhails/aes2-lgbm-deberta-baseline,predict-the-prompts,False,False,kernel:emiz6413/predict-the-prompts: access not checked (rate limit / API budget) (unverified)
seoyunje/aes-2-lgbm-backbone,predict-the-prompts,False,False,kernel:emiz6413/predict-the-prompts: access not checked (rate limit / API budget) (unverified)
syhens/aes2-inference-single-model,predict-the-prompts,False,False,kernel:emiz6413/predict-the-prompts: access not checked (rate limit / API budget) (unverified)
syhens/aes2-voting,predict-the-prompts,False,False,kernel:emiz6413/predict-the-prompts: access not checked (rate limit / API budget) (unverified)
arturmrs/a-homemade-pytorch-model,preds2,False,False,preds2: no Kaggle ref found (unverified)
bluexleoxgreen/google-quest-inference-kernel,pretrained-albert,False,False,pretrained-albert: no Kaggle ref found (unverified)
meghakapoor/fastai-bert-universal-encoder-tfidf,pretrained-bert-models-for-pytorch,False,False,dataset:soulmachine/pretrained-bert-models-for-pytorch: access not checked (rate limit / API budget) (unverified)
phoenix9032/pytorch-bert-plain,pretrained-bert-models-for-pytorch,False,False,dataset:soulmachine/pretrained-bert-models-for-pytorch: access not checked (rate limit / API budget) (unverified)
tanlikesmath/quest-bert-base-pytorch-minimalistic-training,pretrained-bert-models-for-pytorch,False,False,dataset:soulmachine/pretrained-bert-models-for-pytorch: access not checked (rate limit / API budget) (unverified)
eutechsystemltd/ranzcr-eutech,pretrained-weight,False,False,pretrained-weight: no Kaggle ref found (unverified)
phoenix9032/pytorch-bert-plain,pretrainedbert,False,False,dataset:phoenix9032/pretrainedbert: access not checked (rate limit / API budget) (unverified)
shantanu778/ranzcr-pytorch-training,pretrainedefficient,False,False,dataset:shantanu778/pretrainedefficient: access not checked (rate limit / API budget) (unverified)
makuiky/hms-submit-notebook,primer-modelo-hms,False,False,primer-modelo-hms: no Kaggle ref found (unverified)
nartaa/training-features-head-starter-testbed-003,private-features-head-starter-lb-0-35,False,False,private-features-head-starter-lb-0-35: no Kaggle ref found (unverified)
nartaa/training-features-head-starter-testbed-003,private-features-head-starter-lb-0-49,False,False,private-features-head-starter-lb-0-49: no Kaggle ref found (unverified)
kitsuha/cnn-lstm-baseline-only-use-eeg-data,processed,False,False,processed: no Kaggle ref found (unverified)
yawong1983/assay-accessment-lab-lstm,processing-data,False,False,processing-data: no Kaggle ref found (unverified)
hilda21/aes2-deberta-lgbm-countvectorizer-lb-814,prompt-df,False,False,prompt-df: no Kaggle ref found (unverified)
icozma/hms-pyspark-exercise,pyspark-package,False,False,dataset:icozma/pyspark-package: access not checked (rate limit / API budget) (unverified)
caokhoihuynh/feature-engineeing-lgbm-copy-ver,pyspellchecker,False,False,dataset:tsunotsuno/pyspellchecker: access not checked (rate limit / API budget) (unverified)
deepaksingh47/feature-engineeing-lgbm,pyspellchecker,False,False,dataset:tsunotsuno/pyspellchecker: access not checked (rate limit / API budget) (unverified)
morningduck/aes2-inference,pyspellchecker,False,False,dataset:yasminz/pyspellchecker: access not checked (rate limit / API budget) (unverified)
phamletunhi/tn-2-training-lgbm-model-for-essay,pyspellchecker,False,False,dataset:tsunotsuno/pyspellchecker: access not checked (rate limit / API budget) (unverified)
stefanoclss/unselected-0-836-private-score-submission,pyspellchecker,False,False,dataset:tsunotsuno/pyspellchecker: access not checked (rate limit / API budget) (unverified)
xiaocao123/aes2-5folddeberta-lgbm-weighted-blending,pyspellchecker,False,False,dataset:tsunotsuno/pyspellchecker: access not checked (rate limit / API budget) (unverified)
manyregression/fastai-ulmfit-google-quest-sp,python-ninja-package,False,False,python-ninja-package: no Kaggle ref found (unverified)
shantanu778/ranzcr-pytorch-training,python-packages,False,False,dataset:shantanu778/python-packages: access not checked (rate limit / API budget) (unverified)
bluexleoxgreen/google-quest-inference-kernel,pytorch-base,False,False,pytorch-base: no Kaggle ref found (unverified)
kanruwang/ranzcr-resnet200d-seresnet152d-efficientnetb5,pytorch-image-models,False,False,dataset:yasufuminakama/pytorch-image-models: access not checked (rate limit / API budget) (unverified)
khoongweihao/x-ray-needle-augmentation-et-al,pytorch-image-models,False,False,dataset:yasufuminakama/pytorch-image-models: access not checked (rate limit / API budget) (unverified)
roydatascience/resnet200d-public-multi-head-private-lb-970,pytorch-image-models,False,False,dataset:yasufuminakama/pytorch-image-models: access not checked (rate limit / API budget) (unverified)
rsinda/38th-place-solution-0-972-single-model-5-fold,pytorch-image-models,False,False,dataset:yasufuminakama/pytorch-image-models: access not checked (rate limit / API budget) (unverified)
syxuming/inference-resnet200d-singlemodel,pytorch-image-models,False,False,dataset:yasufuminakama/pytorch-image-models: access not checked (rate limit / API budget) (unverified)
ttahara/ranzcr-multi-head-model-inference,pytorch-image-models,False,False,dataset:yasufuminakama/pytorch-image-models: access not checked (rate limit / API budget) (unverified)
alonalon/hirarchical-attention-with-text-augmentation,pytorch-warmup,False,False,pytorch-warmup: no Kaggle ref found (unverified)
meghakapoor/fastai-bert-universal-encoder-tfidf,questembeddings,False,False,questembeddings: no Kaggle ref found (unverified)
aikhmelnytskyy/quick-start-lgbm,quick-start-catboostregressor,False,False,quick-start-catboostregressor: no Kaggle ref found (unverified)
aravindpadman/efficientnet-inference,ranzcr-000-001-five-models,False,False,ranzcr-000-001-five-models: no Kaggle ref found (unverified)
aravindpadman/efficientnet-inference,ranzcr-000-002-five-models,False,False,ranzcr-000-002-five-models: no Kaggle ref found (unverified)
aravindpadman/efficientnet-inference,ranzcr-000-003-01,False,False,ranzcr-000-003-01: no Kaggle ref found (unverified)
aravindpadman/efficientnet-inference,ranzcr-000-003-five-models,False,False,ranzcr-000-003-five-models: no Kaggle ref found (unverified)
aravindpadman/efficientnet-inference,ranzcr-000-007-adam-fold-0,False,False,ranzcr-000-007-adam-fold-0: no Kaggle ref found (unverified)
ipythonx/keras-ranzcr-multi-attention-efficientnet-tpu,ranzcr-clip-1024-resized,False,False,ranzcr-clip-1024-resized: no Kaggle ref found (unverified)
shanmukh05/ranzcr-clip-tpu-submission,ranzcr-clip-tpu,False,False,kernel:shanmukh05/ranzcr-clip-tpu: access not checked (rate limit / API budget) (unverified)
xhlulu/ranzcr-efficientnet-submission,ranzcr-efficientnet-b7-tpu-training,False,False,ranzcr-efficientnet-b7-tpu-training: no Kaggle ref found (unverified)
abdelfettahelaanba/ranzcr-catheter-resnet,ranzcr-efficientnet-tpu-training,False,False,kernel:xhlulu/ranzcr-efficientnet-tpu-training: access not checked (rate limit / API budget) (unverified)
ameya98/efficientnet-submission,ranzcr-efficientnet-tpu-training,False,False,kernel:xhlulu/ranzcr-efficientnet-tpu-training: access not checked (rate limit / API budget) (unverified)
xhlulu/ranzcr-efficientnet-submission,ranzcr-efficientnet-tpu-training,False,False,kernel:xhlulu/ranzcr-efficientnet-tpu-training: access not checked (rate limit / API budget) (unverified)
aravindpadman/efficientnet-inference,ranzcr-model-000-001-0,False,False,ranzcr-model-000-001-0: no Kaggle ref found (unverified)
khoongweihao/x-ray-needle-augmentation-et-al,ranzcr-pytorch-weights,False,False,dataset:khoongweihao/ranzcr-pytorch-weights: access not checked (rate limit / API budget) (unverified)
khoongweihao/x-ray-needle-augmentation-et-al,ranzcr-tpu-weights,False,False,dataset:khoongweihao/ranzcr-tpu-weights: access not checked (rate limit / API budget) (unverified)
maksymshkliarevskyi/ranzcr-xception-tpu-prediction,ranzcr-xception-tpu,False,False,ranzcr-xception-tpu: no Kaggle ref found (unverified)
ivanmordovetc/ranzcr-efficientnetb7-baseline-tpu-training,ranzcr-xception-tpu-baseline,False,False,kernel:maksymshkliarevskyi/ranzcr-xception-tpu-baseline: access not checked (rate limit / API budget) (unverified)
maksymshkliarevskyi/ranzcr-xception-tpu-prediction,ranzcr-xception-tpu-baseline,False,False,kernel:maksymshkliarevskyi/ranzcr-xception-tpu-baseline: access not checked (rate limit / API budget) (unverified)
syxuming/inference-resnet200d-singlemodel,ranzcr2113,False,False,ranzcr2113: no Kaggle ref found (unverified)
ipythonx/keras-ranzcr-multi-attention-efficientnet-tpu,ranzcr224,False,False,ranzcr224: no Kaggle ref found (unverified)
rsinda/38th-place-solution-0-972-single-model-5-fold,ranzer-models,False,False,ranzer-models: no Kaggle ref found (unverified)
,rb8answer,False,False,rb8answer: no Kaggle ref found (unverified)
,rb8question,False,False,rb8question: no Kaggle ref found (unverified)
eutechsystemltd/ranzcr-eutech,requirement,False,False,requirement: no Kaggle ref found (unverified)
tezdhar/mk-sub-1,requirements-mk,False,False,requirements-mk: no Kaggle ref found (unverified)
justin1357/cv0-854,res-1440-0-8321,False,False,res-1440-0-8321: no Kaggle ref found (unverified)
justin1357/cv0-854,res-1440-0-8385,False,False,res-1440-0-8385: no Kaggle ref found (unverified)
justin1357/cv0-854,res-1440-0-8409,False,False,res-1440-0-8409: no Kaggle ref found (unverified)
justin1357/cv0-854,res-1440-8487-zip,False,False,dataset:justin1357/res-1440-8487-zip: access not checked (rate limit / API budget) (unverified)
abdelfettahelaanba/ranzcr-catheter-resnet,res50,False,False,res50: no Kaggle ref found (unverified)
abdelfettahelaanba/ranzcr-catheter-resnet,res50last,False,False,res50last: no Kaggle ref found (unverified)
abdelfettahelaanba/ranzcr-catheter-resnet,res50v8,False,False,res50v8: no Kaggle ref found (unverified)
ghatotkachh/inference,resent18models1ep,False,False,resent18models1ep: no Kaggle ref found (unverified)
rhubainmageswaran/hms-hbact-test3c-messy-submission,resnet-50,False,False,model:tensorflow/resnet-50/TensorFlow2/classification/1: access not checked (rate limit / API budget) (unverified)
yezhiheng/zy-three-model-ensemble-gpu100,resnet-best,False,False,resnet-best: no Kaggle ref found (unverified)
abdelfettahelaanba/ranzcr-catheter-resnet,resnet13,False,False,resnet13: no Kaggle ref found (unverified)
medali1992/hms-resnet1d-gru-inference,resnet1d-gru-weights,False,False,dataset:medali1992/resnet1d-gru-weights: access not checked (rate limit / API budget) (unverified)
archanabenur/resnet200d,resnet200d-baseline-benchmark-public,False,False,dataset:underwearfitting/resnet200d-baseline-benchmark-public: access not checked (rate limit / API budget) (unverified)
kanruwang/ranzcr-resnet200d-seresnet152d-efficientnetb5,resnet200d-baseline-benchmark-public,False,False,dataset:underwearfitting/resnet200d-baseline-benchmark-public: access not checked (rate limit / API budget) (unverified)
roydatascience/resnet200d-public-multi-head-private-lb-970,resnet200d-baseline-benchmark-public,False,False,dataset:underwearfitting/resnet200d-baseline-benchmark-public: access not checked (rate limit / API budget) (unverified)
syxuming/inference-resnet200d-singlemodel,resnet200d-n-stage,False,False,resnet200d-n-stage: no Kaggle ref found (unverified)
rhubainmageswaran/hms-hbact-test3c-messy-submission,resnet34-27032024,False,False,dataset:marshath/resnet34-27032024: access not checked (rate limit / API budget) (unverified)
hideyukizushi/hms-blend-all-torch-publicmodel-simpleblend-lb-32,resnet34d,False,False,dataset:kitsuha/resnet34d: access not checked (rate limit / API budget) (unverified)
andreasbis/hms-inference-lb-0-41,resnet34d-weights,False,False,resnet34d-weights: no Kaggle ref found (unverified)
ghatotkachh/inference,resnet34d2,False,False,resnet34d2: no Kaggle ref found (unverified)
rhubainmageswaran/hms-hbact-test3c-messy-submission,resnet34fastai,False,False,dataset:stansidel/resnet34fastai: access not checked (rate limit / API budget) (unverified)
ghatotkachh/inference,resnet34newcode,False,False,resnet34newcode: no Kaggle ref found (unverified)
abdelfettahelaanba/ranzcr-catheter-resnet,resnet50,False,False,resnet50: no Kaggle ref found (unverified)
ghatotkachh/inference,resnet50,False,False,resnet50: no Kaggle ref found (unverified)
tpothjuan/efficientnetb7-tfrecords,resnet50-no-top-keras,False,False,resnet50-no-top-keras: no Kaggle ref found (unverified)
yijiangzhengjianhu/hms-kaggle-both,resnet50-test,False,False,resnet50-test: no Kaggle ref found (unverified)
ghatotkachh/inference,resnet5010ep,False,False,resnet5010ep: no Kaggle ref found (unverified)
ghatotkachh/inference,resnet5010ep2,False,False,resnet5010ep2: no Kaggle ref found (unverified)
abdelfettahelaanba/ranzcr-catheter-resnet,resnet502layers,False,False,resnet502layers: no Kaggle ref found (unverified)
abdelfettahelaanba/ranzcr-catheter-resnet,resnet50v2,False,False,resnet50v2: no Kaggle ref found (unverified)
abdelfettahelaanba/ranzcr-catheter-resnet,resnet50v3,False,False,resnet50v3: no Kaggle ref found (unverified)
ghatotkachh/inference,resnetdsadk,False,False,resnetdsadk: no Kaggle ref found (unverified)
abdelfettahelaanba/ranzcr-catheter-resnet,resnetv5,False,False,resnetv5: no Kaggle ref found (unverified)
abdelfettahelaanba/ranzcr-catheter-resnet,resnetv5tune,False,False,resnetv5tune: no Kaggle ref found (unverified)
abdelfettahelaanba/ranzcr-catheter-resnet,resnetv6,False,False,resnetv6: no Kaggle ref found (unverified)
abdelfettahelaanba/ranzcr-catheter-resnet,resnetv9,False,False,resnetv9: no Kaggle ref found (unverified)
abdelfettahelaanba/ranzcr-catheter-resnet,resntv44,False,False,resntv44: no Kaggle ref found (unverified)
kazars24/gb-roberta,roberta-essay-scoring,False,False,roberta-essay-scoring: no Kaggle ref found (unverified)
,roberta-l-fea-ans,False,False,roberta-l-fea-ans: no Kaggle ref found (unverified)
,robertabase,False,False,robertabase: no Kaggle ref found (unverified)
,robertal,False,False,robertal: no Kaggle ref found (unverified)
,robertalarge2,False,False,robertalarge2: no Kaggle ref found (unverified)
,robertalarge3,False,False,robertalarge3: no Kaggle ref found (unverified)
,robertalargeque2,False,False,robertalargeque2: no Kaggle ref found (unverified)
,robertalargeque3,False,False,robertalargeque3: no Kaggle ref found (unverified)
juliuslandsman/mlip-group-12-final-ensemble,ru-hbac-spectrogram-data,False,False,ru-hbac-spectrogram-data: no Kaggle ref found (unverified)
phoenix9032/pytorch-bert-plain,seed2019,False,False,dataset:phoenix9032/seed2019: access not checked (rate limit / API budget) (unverified)
shan007007/how-good-is-that-essay,sentence-embedding-models,False,False,dataset:evilmage93/sentence-embedding-models: access not checked (rate limit / API budget) (unverified)
syhens/aes2-effs-tree-based-sub,sentiment-words,False,False,dataset:syhens/sentiment-words: access not checked (rate limit / API budget) (unverified)
manyregression/fastai-ulmfit-google-quest-sp,sp-en-wiki-100kk,False,False,sp-en-wiki-100kk: no Kaggle ref found (unverified)
manyregression/fastai-ulmfit-google-quest-sp,sp-wikitext-vocab-lm-ipynb,False,False,kernel:manyregression/sp-wikitext-vocab-lm-ipynb: access not checked (rate limit / API budget) (unverified)
bananaaaaaa/sparcnet-working,sparcnet,False,False,sparcnet: no Kaggle ref found (unverified)
leontanemura/jiiiiiiiiip,spelling-checks,False,False,spelling-checks: no Kaggle ref found (unverified)
bluexleoxgreen/google-quest-inference-kernel,split-dataset,False,False,split-dataset: no Kaggle ref found (unverified)
leontanemura/jiiiiiiiiip,supsimcserobertalarge,False,False,dataset:yiiino/supsimcserobertalarge: access not checked (rate limit / API budget) (unverified)
stefanoclss/unselected-0-836-private-score-submission,svr-data,False,False,svr-data: no Kaggle ref found (unverified)
seoyunje/nih-chest-x-ray-image-classification,swintransformertf,False,False,swintransformertf: no Kaggle ref found (unverified)
eutechsystemltd/ranzcr-eutech,tensorboard,False,False,tensorboard: no Kaggle ref found (unverified)
sinamhd9/keras-models-tensorflow-data-dataset-tpu-part2,tensorflow-data-dataset-tpu-part1,False,False,tensorflow-data-dataset-tpu-part1: no Kaggle ref found (unverified)
hhhmgk/aes2-0-main,textstat-without-pyphen,False,False,dataset:phanisrikanth/textstat-without-pyphen: access not checked (rate limit / API budget) (unverified)
xiaocao123/aes2-5folddeberta-lgbm-weighted-blending,textstat-without-pyphen,False,False,dataset:phanisrikanth/textstat-without-pyphen: access not checked (rate limit / API budget) (unverified)
stefanoclss/unselected-0-836-private-score-submission,textstatv1,False,False,textstatv1: no Kaggle ref found (unverified)
seoyunje/nih-chest-x-ray-image-classification,tf-efficientnet-noisy-student-weights,False,False,dataset:seanbearden/tf-efficientnet-noisy-student-weights: access not checked (rate limit / API budget) (unverified)
chenboluo/hms-efficientnetb0-pytorch-test-time-adaptive,tf-efficientnet-weight,False,False,tf-efficientnet-weight: no Kaggle ref found (unverified)
juliuslandsman/mlip-group-12-final-ensemble,tf-efficientnet-whl-files,False,False,kernel:cdeotte/tf-efficientnet-whl-files: access not checked (rate limit / API budget) (unverified)
minhsienweng/train-infer-efficientnetb0-starter,tf-efficientnet-whl-files,False,False,kernel:cdeotte/tf-efficientnet-whl-files: access not checked (rate limit / API budget) (unverified)
nartaa/features-head-starter,tf-efficientnet-whl-files,False,False,kernel:cdeotte/tf-efficientnet-whl-files: access not checked (rate limit / API budget) (unverified)
nartaa/training-features-head-starter-testbed-003,tf-efficientnet-whl-files,False,False,kernel:cdeotte/tf-efficientnet-whl-files: access not checked (rate limit / API budget) (unverified)
peizhengwang/effientnetb0-lstm-head-label-smoothing,tf-efficientnet-whl-files,False,False,kernel:cdeotte/tf-efficientnet-whl-files: access not checked (rate limit / API budget) (unverified)
rafaelzimmermann1/no-ensemble-new-spectrograms-label-refine,tf-efficientnet-whl-files,False,False,kernel:cdeotte/tf-efficientnet-whl-files: access not checked (rate limit / API budget) (unverified)
seoyunje/nih-chest-x-ray-image-classification,tf-efficientnet-whl-files,False,False,kernel:cdeotte/tf-efficientnet-whl-files: access not checked (rate limit / API budget) (unverified)
sunyuri/hms-vipeegnetv1,tf-efficientnet-whl-files,False,False,kernel:cdeotte/tf-efficientnet-whl-files: access not checked (rate limit / API budget) (unverified)
yezhiheng/zy-three-model-ensemble-gpu100,tf-efficientnet-whl-files,False,False,kernel:cdeotte/tf-efficientnet-whl-files: access not checked (rate limit / API budget) (unverified)
nurulhanisibrahim/lda-nlp-tfidf-svm-aes2024,tfbert-base-uncased,False,False,tfbert-base-uncased: no Kaggle ref found (unverified)
jasonkwm/tube-placement,tfkeras-efficientnet-weights,False,False,dataset:xhlulu/tfkeras-efficientnet-weights: access not checked (rate limit / API budget) (unverified)
xhlulu/ranzcr-efficientnet-gpu-starter-train-submit,tfkeras-efficientnet-weights,False,False,dataset:xhlulu/tfkeras-efficientnet-weights: access not checked (rate limit / API budget) (unverified)
ipythonx/keras-ranzcr-multi-attention-efficientnet-tpu,tfkerasefficientnetimagenetnotop,False,False,dataset:kaorusasakawa/tfkerasefficientnetimagenetnotop: access not checked (rate limit / API budget) (unverified)
ssarkar445/catheter-line-starter-code,tfkerasefficientnetimagenetnotop,False,False,dataset:kaorusasakawa/tfkerasefficientnetimagenetnotop: access not checked (rate limit / API budget) (unverified)
nizamuddin/qa-augur,tftext,False,False,tftext: no Kaggle ref found (unverified)
khoongweihao/x-ray-needle-augmentation-et-al,timm-package,False,False,dataset:greatgamedota/timm-package: access not checked (rate limit / API budget) (unverified)
archanabenur/resnet200d,timm-pytorch-image-models,False,False,dataset:kozodoi/timm-pytorch-image-models: access not checked (rate limit / API budget) (unverified)
kanruwang/ranzcr-resnet200d-seresnet152d-efficientnetb5,timm-pytorch-image-models,False,False,dataset:kozodoi/timm-pytorch-image-models: access not checked (rate limit / API budget) (unverified)
roydatascience/resnet200d-public-multi-head-private-lb-970,timm-pytorch-image-models,False,False,dataset:kozodoi/timm-pytorch-image-models: access not checked (rate limit / API budget) (unverified)
egorandreasyan/essay-scoring-torch-bert,tokenizer-bert,False,False,dataset:egorandreasyan/tokenizer-bert: access not checked (rate limit / API budget) (unverified)
yezhiheng/zy-three-model-ensemble-gpu100,train,False,False,train: no Kaggle ref found (unverified)
leontanemura/jiiiiiiiiip,train-1000,False,False,train-1000: no Kaggle ref found (unverified)
leontanemura/jipotane,train-1000,False,False,train-1000: no Kaggle ref found (unverified)
batprem/aes2-xgboost-lightboost-share-the-same-loss,train-best-model-3,False,False,train-best-model-3: no Kaggle ref found (unverified)
rafaelzimmermann1/no-ensemble-new-spectrograms-label-refine,train-lf-hms,False,False,train-lf-hms: no Kaggle ref found (unverified)
yezhiheng/zy-three-model-ensemble-gpu100,train-lf-hms,False,False,train-lf-hms: no Kaggle ref found (unverified)
leontanemura/jipotane,train1000,False,False,train1000: no Kaggle ref found (unverified)
leontanemura/jipotane,train1000-fix,False,False,train1000-fix: no Kaggle ref found (unverified)
nartaa/training-features-head-starter-testbed-003,training-features-head-starter-lb-0-35,False,False,training-features-head-starter-lb-0-35: no Kaggle ref found (unverified)
nartaa/training-features-head-starter-testbed-003,training-features-head-starter-testbed-003,False,False,training-features-head-starter-testbed-003: no Kaggle ref found (unverified)
phoenix9032/pytorch-bert-plain,transformers-2-3-0,False,False,dataset:yuval6967/transformers-2-3-0: access not checked (rate limit / API budget) (unverified)
justin1357/cv0-854,transformers-4-39-1-py3-none-any,False,False,dataset:justin1357/transformers-4-39-1-py3-none-any: access not checked (rate limit / API budget) (unverified)
leontanemura/jiiiiiiiiip,universal-sentence-encoder,False,False,model:google/universal-sentence-encoder/TensorFlow2/universal-sentence-encoder/2: access not checked (rate limit / API budget) (unverified)
stefanoclss/unselected-0-836-private-score-submission,universal-sentence-encoder,False,False,model:google/universal-sentence-encoder/TensorFlow2/universal-sentence-encoder/2: access not checked (rate limit / API budget) (unverified)
,universalsentenceencoderlarge4,False,False,dataset:ldm314/universalsentenceencoderlarge4: access not checked (rate limit / API budget) (unverified)
abhijeetbiswasiitb/kernel107f123349,universalsentenceencoderlarge4,False,False,dataset:ldm314/universalsentenceencoderlarge4: access not checked (rate limit / API budget) (unverified)
akensert/quest-use-classifier-with-tf-gradienttape,universalsentenceencoderlarge4,False,False,dataset:ldm314/universalsentenceencoderlarge4: access not checked (rate limit / API budget) (unverified)
artgor/pytorch-approach,universalsentenceencoderlarge4,False,False,dataset:ldm314/universalsentenceencoderlarge4: access not checked (rate limit / API budget) (unverified)
bluexleoxgreen/google-quest-inference-kernel,universalsentenceencoderlarge4,False,False,dataset:ldm314/universalsentenceencoderlarge4: access not checked (rate limit / API budget) (unverified)
codehax41/google-qa-by-keras-nn,universalsentenceencoderlarge4,False,False,dataset:ldm314/universalsentenceencoderlarge4: access not checked (rate limit / API budget) (unverified)
konradb/ch4-end-to-end-nlp,universalsentenceencoderlarge4,False,False,dataset:ldm314/universalsentenceencoderlarge4: access not checked (rate limit / API budget) (unverified)
nandhuelan/google-quest-for-nlp-v7,universalsentenceencoderlarge4,False,False,dataset:ldm314/universalsentenceencoderlarge4: access not checked (rate limit / API budget) (unverified)
nizamuddin/qa-augur,universalsentenceencoderlarge4,False,False,dataset:ldm314/universalsentenceencoderlarge4: access not checked (rate limit / API budget) (unverified)
ykojima1989/fine-tune-bert-use-on-sklearn-pipeline,universalsentenceencoderlarge4,False,False,dataset:ldm314/universalsentenceencoderlarge4: access not checked (rate limit / API budget) (unverified)
abhijeetbiswasiitb/kernel107f123349,use-vectors,False,False,use-vectors: no Kaggle ref found (unverified)
ryenhails/aes2-lgbm-deberta-baseline,useful-nlp-package,False,False,dataset:ryenhails/useful-nlp-package: access not checked (rate limit / API budget) (unverified)
nizamuddin/qa-augur,useqa3,False,False,useqa3: no Kaggle ref found (unverified)
abhijeetbiswasiitb/kernel107f123349,usevectors,False,False,usevectors: no Kaggle ref found (unverified)
kitsuha/only-use-eeg-features-xgboost-baseling,using-16-channels-feature,False,False,dataset:kitsuha/using-16-channels-feature: access not checked (rate limit / API budget) (unverified)
stefanoclss/unselected-0-836-private-score-submission,vadersentimentv1,False,False,vadersentimentv1: no Kaggle ref found (unverified)
huggon1/deberta-lgbm,vectorizer,False,False,vectorizer: no Kaggle ref found (unverified)
ghatotkachh/inference,visiontransformer,False,False,visiontransformer: no Kaggle ref found (unverified)
juliuslandsman/mlip-group-12-final-ensemble,wavenet-model,False,False,wavenet-model: no Kaggle ref found (unverified)
juliuslandsman/mlip-group-12-final-ensemble,wavenet-model-dilin,False,False,wavenet-model-dilin: no Kaggle ref found (unverified)
akensert/quest-bert-base-tf2-0,weights,False,False,weights: no Kaggle ref found (unverified)
akensert/quest-bert-base-tf2-0,weights-bert,False,False,weights-bert: no Kaggle ref found (unverified)
seoyunje/nih-chest-x-ray-image-classification,wheel-albumentation,False,False,wheel-albumentation: no Kaggle ref found (unverified)
artgor/pytorch-approach,wikinews300d1mvec,False,False,wikinews300d1mvec: no Kaggle ref found (unverified)
abhikjha/fastai-google-quest,word2vec-google,False,False,dataset:shanth84/word2vec-google: access not checked (rate limit / API budget) (unverified)
aninda/thibaut-aninda-fastai-v2,wt103-fastai-nlp,False,False,wt103-fastai-nlp: no Kaggle ref found (unverified)
nizamuddin/qa-augur,x-train-opt,False,False,x-train-opt: no Kaggle ref found (unverified)
ivanmordovetc/ranzcr-efficientnetb7-baseline-tpu-training,xray-needle-augmentation,False,False,dataset:khoongweihao/xray-needle-augmentation: access not checked (rate limit / API budget) (unverified)
khoongweihao/x-ray-needle-augmentation-et-al,xray-needle-augmentation,False,False,dataset:khoongweihao/xray-needle-augmentation: access not checked (rate limit / API budget) (unverified)
hilda21/aes2-deberta-lgbm-countvectorizer-lb-814,aes-whls,True,True,dataset:datafan07/aes-whls
justin1357/cv0-854,aes-whls,True,True,dataset:datafan07/aes-whls
mcseem/aes-submission-with-replicated-word-stat-features,aes-whls,True,True,dataset:datafan07/aes-whls
nguynminh444/aes2-modeling-with-fb-scoring,aes-whls,True,True,dataset:datafan07/aes-whls
stefanoclss/unselected-0-836-private-score-submission,aes-whls,True,True,dataset:datafan07/aes-whls
batprem/aes2-tuning-ensemble,aes2-cache,True,True,dataset:batprem/aes2-cache
batprem/aes2-xgboost-lightboost-share-the-same-loss,aes2-cache,True,True,dataset:batprem/aes2-cache
stefanoclss/unselected-0-836-private-score-submission,aes2-cache,True,True,dataset:batprem/aes2-cache
nartaa/training-features-head-starter-testbed-003,albumentations,True,True,dataset:dxchen/albumentations
deepaksingh47/feature-engineeing-lgbm,autocorrect,True,True,dataset:ajenningsfrankston/autocorrect
,bert-base-from-tfhub,True,True,dataset:akensert/bert-base-from-tfhub
akensert/quest-bert-base-tf2-0,bert-base-from-tfhub,True,True,dataset:akensert/bert-base-from-tfhub
bluexleoxgreen/google-quest-inference-kernel,bert-base-from-tfhub,True,True,dataset:akensert/bert-base-from-tfhub
daigohirooka/huggingface-tfbert-for-full-prediction,bert-base-from-tfhub,True,True,dataset:akensert/bert-base-from-tfhub
khoongweihao/google-quest-bert-base-tf2-0-inference,bert-base-from-tfhub,True,True,dataset:akensert/bert-base-from-tfhub
mobassir/jigsaw-google-q-a-eda,bert-base-from-tfhub,True,True,dataset:akensert/bert-base-from-tfhub
nxrprime/jigsaw-google-q-a-eda-ii,bert-base-from-tfhub,True,True,dataset:akensert/bert-base-from-tfhub
tangchengshun/bert-tensorflow2-0-10,bert-base-from-tfhub,True,True,dataset:akensert/bert-base-from-tfhub
tangchengshun/bert-tensorflow2-0-6,bert-base-from-tfhub,True,True,dataset:akensert/bert-base-from-tfhub
vinaydoshi/tfbert-ensemble-preprocess-v1,bert-base-from-tfhub,True,True,dataset:akensert/bert-base-from-tfhub
akensert/quest-bert-base-tf2-0,bert-base-uncased-huggingface-transformer,True,True,dataset:akensert/bert-base-uncased-huggingface-transformer
daigohirooka/huggingface-tfbert-for-full-prediction,bert-base-uncased-huggingface-transformer,True,True,dataset:akensert/bert-base-uncased-huggingface-transformer
kabure/qa-eda-and-nlp-modelling-insights-vis-bert,bert-base-uncased-huggingface-transformer,True,True,dataset:akensert/bert-base-uncased-huggingface-transformer
khoongweihao/google-quest-bert-base-tf2-0-inference,bert-base-uncased-huggingface-transformer,True,True,dataset:akensert/bert-base-uncased-huggingface-transformer
vinaydoshi/tfbert-ensemble-preprocess-v1,bert-tensorflow,True,True,dataset:abhishek/bert-tensorflow
nizamuddin/qa-augur,bertbaseuncased,True,True,dataset:derrickmwiti/bertbaseuncased
ajpath/dinov2-vit-pytorch-draft-test,brain-eeg-spectrograms,True,True,dataset:cdeotte/brain-eeg-spectrograms
chenboluo/hms-efficientnetb0-pytorch-test-time-adaptive,brain-eeg-spectrograms,True,True,dataset:cdeotte/brain-eeg-spectrograms
ghatotkachh/inference,brain-eeg-spectrograms,True,True,dataset:cdeotte/brain-eeg-spectrograms
hideyukizushi/hms-blend-all-torch-publicmodel-simpleblend-lb-32,brain-eeg-spectrograms,True,True,dataset:cdeotte/brain-eeg-spectrograms
jacobsharples/starter-catboost-notebook-cv-0-59-lb-0-61,brain-eeg-spectrograms,True,True,dataset:cdeotte/brain-eeg-spectrograms
juliuslandsman/mlip-group-12-final-ensemble,brain-eeg-spectrograms,True,True,dataset:cdeotte/brain-eeg-spectrograms
minhsienweng/train-infer-efficientnetb0-starter,brain-eeg-spectrograms,True,True,dataset:cdeotte/brain-eeg-spectrograms
nartaa/features-head-starter,brain-eeg-spectrograms,True,True,dataset:cdeotte/brain-eeg-spectrograms
nartaa/training-features-head-starter-testbed-003,brain-eeg-spectrograms,True,True,dataset:cdeotte/brain-eeg-spectrograms
peizhengwang/effientnetb0-lstm-head-label-smoothing,brain-eeg-spectrograms,True,True,dataset:cdeotte/brain-eeg-spectrograms
tygofrancissen/inference-notebook,brain-eeg-spectrograms,True,True,dataset:cdeotte/brain-eeg-spectrograms
tygofrancissen/train-notebook,brain-eeg-spectrograms,True,True,dataset:cdeotte/brain-eeg-spectrograms
juliuslandsman/mlip-group-12-final-ensemble,brain-eegs,True,True,dataset:cdeotte/brain-eegs
nartaa/features-head-starter,brain-eegs,True,True,dataset:cdeotte/brain-eegs
nartaa/training-features-head-starter-testbed-003,brain-eegs,True,True,dataset:cdeotte/brain-eegs
ryankim17920/variational-auto-encoder-training,brain-eegs,True,True,dataset:cdeotte/brain-eegs
seoyunje/hms-wavenet-pseudo-labeling,brain-eegs,True,True,dataset:cdeotte/brain-eegs
sunyuri/hms-vipeegnetv1,brain-eegs,True,True,dataset:cdeotte/brain-eegs
alexzxie/hms-harmful-brain-activity-classification,brain-efficientnet-models-v3-v4-v5,True,True,dataset:cdeotte/brain-efficientnet-models-v3-v4-v5
juliuslandsman/mlip-group-12-final-ensemble,brain-efficientnet-models-v3-v4-v5,True,True,dataset:cdeotte/brain-efficientnet-models-v3-v4-v5
minhsienweng/train-infer-efficientnetb0-starter,brain-efficientnet-models-v3-v4-v5,True,True,dataset:cdeotte/brain-efficientnet-models-v3-v4-v5
nartaa/training-features-head-starter-testbed-003,brain-efficientnetb2-models-v1,True,True,dataset:cdeotte/brain-efficientnetb2-models-v1
sunyuri/hms-vipeegnetv1,brain-efficientnetb2-models-v1,True,True,dataset:cdeotte/brain-efficientnetb2-models-v1
ajpath/dinov2-vit-pytorch-draft-test,brain-spectrograms,True,True,dataset:cdeotte/brain-spectrograms
alexzxie/hms-harmful-brain-activity-classification,brain-spectrograms,True,True,dataset:cdeotte/brain-spectrograms
anmolgarg1998/hms-combined-eeg-spectrogram,brain-spectrograms,True,True,dataset:cdeotte/brain-spectrograms
bananaaaaaa/sparcnet-working,brain-spectrograms,True,True,dataset:cdeotte/brain-spectrograms
gregblast/brain-boy-base,brain-spectrograms,True,True,dataset:cdeotte/brain-spectrograms
hideyukizushi/hms-blend-all-torch-publicmodel-simpleblend-lb-32,brain-spectrograms,True,True,dataset:cdeotte/brain-spectrograms
juliuslandsman/mlip-group-12-final-ensemble,brain-spectrograms,True,True,dataset:cdeotte/brain-spectrograms
kitsuha/only-use-eeg-features-xgboost-baseling,brain-spectrograms,True,True,dataset:cdeotte/brain-spectrograms
minhsienweng/infer-three-models-of-resnet-efficientnetb2,brain-spectrograms,True,True,dataset:cdeotte/brain-spectrograms
minhsienweng/train-infer-efficientnetb0-starter,brain-spectrograms,True,True,dataset:cdeotte/brain-spectrograms
nartaa/features-head-starter,brain-spectrograms,True,True,dataset:cdeotte/brain-spectrograms
nartaa/training-features-head-starter-testbed-003,brain-spectrograms,True,True,dataset:cdeotte/brain-spectrograms
peizhengwang/effientnetb0-lstm-head-label-smoothing,brain-spectrograms,True,True,dataset:cdeotte/brain-spectrograms
ryankim17920/variational-auto-encoder-training,brain-spectrograms,True,True,dataset:cdeotte/brain-spectrograms
seoyunje/nih-chest-x-ray-image-classification,brain-spectrograms,True,True,dataset:cdeotte/brain-spectrograms
sunyuri/hms-vipeegnetv1,brain-spectrograms,True,True,dataset:cdeotte/brain-spectrograms
tygofrancissen/inference-notebook,brain-spectrograms,True,True,dataset:cdeotte/brain-spectrograms
tygofrancissen/train-notebook,brain-spectrograms,True,True,dataset:cdeotte/brain-spectrograms
batprem/aes2-tuning-ensemble,deberta-v3-small-finetuned-v1,True,True,dataset:cdeotte/deberta-v3-small-finetuned-v1
batprem/aes2-xgboost-lightboost-share-the-same-loss,deberta-v3-small-finetuned-v1,True,True,dataset:cdeotte/deberta-v3-small-finetuned-v1
tasfiqkamran/essay-scoring-3-inference,deberta-v3-small-finetuned-v1,True,True,dataset:cdeotte/deberta-v3-small-finetuned-v1
abhijeetbiswasiitb/kernel107f123349,distilbertbaseuncased,True,True,dataset:abhishek/distilbertbaseuncased
artgor/pytorch-approach,distilbertbaseuncased,True,True,dataset:abhishek/distilbertbaseuncased
bluexleoxgreen/google-quest-inference-kernel,distilbertbaseuncased,True,True,dataset:abhishek/distilbertbaseuncased
konradb/ch4-end-to-end-nlp,distilbertbaseuncased,True,True,dataset:abhishek/distilbertbaseuncased
meghakapoor/fastai-bert-universal-encoder-tfidf,distilbertbaseuncased,True,True,dataset:abhishek/distilbertbaseuncased
nandhuelan/google-quest-for-nlp-v7,distilbertbaseuncased,True,True,dataset:abhishek/distilbertbaseuncased
nizamuddin/qa-augur,distilbertbaseuncased,True,True,dataset:abhishek/distilbertbaseuncased
aravindpadman/efficientnet-inference,efficientnet-pytorch,True,True,dataset:abhishek/efficientnet-pytorch
kanruwang/ranzcr-resnet200d-seresnet152d-efficientnetb5,efficientnetb5cv9621,True,True,dataset:ammarali32/efficientnetb5cv9621
asaliquid1011/hms-team-inference-ktmud,effnet-whl,True,True,dataset:dimanishi/effnet-whl
ryenhails/aes2-lgbm-deberta-baseline,essay-embeddings-v1,True,True,dataset:cdeotte/essay-embeddings-v1
stefanoclss/unselected-0-836-private-score-submission,essay-embeddings-v1,True,True,dataset:cdeotte/essay-embeddings-v1
aikhmelnytskyy/quick-start-lgbm,feature-select-learning-agency-lab,True,True,dataset:aikhmelnytskyy/feature-select-learning-agency-lab
hilda21/aes2-deberta-lgbm-countvectorizer-lb-814,feedback-data,True,True,dataset:datafan07/feedback-data
justin1357/cv0-854,feedback-data,True,True,dataset:datafan07/feedback-data
mcseem/aes-submission-with-replicated-word-stat-features,feedback-data,True,True,dataset:datafan07/feedback-data
nguynminh444/aes2-modeling-with-fb-scoring,feedback-data,True,True,dataset:datafan07/feedback-data
stefanoclss/unselected-0-836-private-score-submission,feedback-data,True,True,dataset:datafan07/feedback-data
alexeykarnachev/kernel1864bcfc13,google-qa-ner,True,True,dataset:alexeykarnachev/google-qa-ner
asaliquid1011/hms-team-inference-ktmud,hms-code,True,True,dataset:asaliquid1011/hms-code
cooolz/notebookc1c6c389c3,hms-doublehead-butter-filter,True,True,dataset:cooolz/hms-doublehead-butter-filter
cooolz/notebookc1c6c389c3,hms-eeg-raw,True,True,dataset:cooolz/hms-eeg-raw
alexzxie/hms-harmful-brain-activity-classification,hms-eeg-sptrograms-fd,True,True,dataset:alexzxie/hms-eeg-sptrograms-fd
chenboluo/hms-efficientnetb0-pytorch-test-time-adaptive,hms-efficientnetb0-5-folds,True,True,dataset:alejopaullier/hms-efficientnetb0-5-folds
maudvandelockant/ensemble-wavenet-and-efficientnet,hms-efficientnetb0-5-folds,True,True,dataset:alejopaullier/hms-efficientnetb0-5-folds
ajpath/dinov2-vit-pytorch-draft-test,hms-efficientnetb0-pt-ckpts,True,True,dataset:crackle/hms-efficientnetb0-pt-ckpts
hideyukizushi/hms-blend-all-torch-publicmodel-simpleblend-lb-32,hms-efficientnetb0-pt-ckpts,True,True,dataset:crackle/hms-efficientnetb0-pt-ckpts
minhsienweng/train-infer-efficientnetb0-starter,hms-efficientnetb0-pt-ckpts,True,True,dataset:crackle/hms-efficientnetb0-pt-ckpts
tygofrancissen/inference-notebook,hms-efficientnetb0-pt-ckpts,True,True,dataset:crackle/hms-efficientnetb0-pt-ckpts
alexzxie/hms-harmful-brain-activity-classification,hms-egg-spectrograms,True,True,dataset:alexzxie/hms-egg-spectrograms
chenboluo/hms-efficientnetb0-pytorch-test-time-adaptive,hms-gated-transformer,True,True,dataset:chenboluo/hms-gated-transformer
cooolz/notebookc1c6c389c3,hms-hgnet,True,True,dataset:cooolz/hms-hgnet
cooolz/notebookc1c6c389c3,hms-kaggle-spec,True,True,dataset:cooolz/hms-kaggle-spec
asaliquid1011/hms-team-inference-ktmud,hms-models4,True,True,dataset:asaliquid1011/hms-models4
asaliquid1011/hms-team-inference-ktmud,hms-models5,True,True,dataset:asaliquid1011/hms-models5
asaliquid1011/hms-team-inference-ktmud,hms-models6,True,True,dataset:asaliquid1011/hms-models6
cooolz/notebookc1c6c389c3,hms-oneimage,True,True,dataset:cooolz/hms-oneimage
asaliquid1011/hms-team-inference-ktmud,hms-pyfile,True,True,dataset:dimanishi/hms-pyfile
cooolz/notebookc1c6c389c3,hms-raw-eeg-butter-filter,True,True,dataset:cooolz/hms-raw-eeg-butter-filter
dmitryshibaev/hms-eeg-model,hms-share,True,True,dataset:dmitryshibaev/hms-share
dmitryshibaev/hms-model,hms-share,True,True,dataset:dmitryshibaev/hms-share
dmitryshibaev/hms-spectr-model,hms-share,True,True,dataset:dmitryshibaev/hms-share
maudvandelockant/ensemble-wavenet-and-efficientnet,hms-wavenet,True,True,dataset:alejopaullier/hms-wavenet
cooolz/notebookc1c6c389c3,hms-x3d,True,True,dataset:cooolz/hms-x3d
leontanemura/jiiiiiiiiip,huggingface-distilbert,True,True,dataset:dariussingh/huggingface-distilbert
alexeykarnachev/kernel1864bcfc13,kaggle-google-qa-labeling,True,True,dataset:alexeykarnachev/kaggle-google-qa-labeling
ajpath/dinov2-vit-pytorch-draft-test,kaggle-kl-div,True,True,dataset:cdeotte/kaggle-kl-div
hideyukizushi/hms-blend-all-torch-publicmodel-simpleblend-lb-32,kaggle-kl-div,True,True,dataset:cdeotte/kaggle-kl-div
jacobsharples/starter-catboost-notebook-cv-0-59-lb-0-61,kaggle-kl-div,True,True,dataset:cdeotte/kaggle-kl-div
juliuslandsman/mlip-group-12-final-ensemble,kaggle-kl-div,True,True,dataset:cdeotte/kaggle-kl-div
kitsuha/only-use-eeg-features-xgboost-baseling,kaggle-kl-div,True,True,dataset:cdeotte/kaggle-kl-div
konstantinboyko/hms-resnet1d-gru-v22-human-6-inference,kaggle-kl-div,True,True,dataset:cdeotte/kaggle-kl-div
medali1992/hms-resnet1d-gru-inference,kaggle-kl-div,True,True,dataset:cdeotte/kaggle-kl-div
minhsienweng/infer-three-models-of-resnet-efficientnetb2,kaggle-kl-div,True,True,dataset:cdeotte/kaggle-kl-div
minhsienweng/train-infer-efficientnetb0-starter,kaggle-kl-div,True,True,dataset:cdeotte/kaggle-kl-div
nartaa/features-head-starter,kaggle-kl-div,True,True,dataset:cdeotte/kaggle-kl-div
nartaa/training-features-head-starter-testbed-003,kaggle-kl-div,True,True,dataset:cdeotte/kaggle-kl-div
peizhengwang/effientnetb0-lstm-head-label-smoothing,kaggle-kl-div,True,True,dataset:cdeotte/kaggle-kl-div
rafaelzimmermann1/no-ensemble-new-spectrograms-label-refine,kaggle-kl-div,True,True,dataset:cdeotte/kaggle-kl-div
seoyunje/hms-wavenet-pseudo-labeling,kaggle-kl-div,True,True,dataset:cdeotte/kaggle-kl-div
seoyunje/nih-chest-x-ray-image-classification,kaggle-kl-div,True,True,dataset:cdeotte/kaggle-kl-div
sunyuri/hms-vipeegnetv1,kaggle-kl-div,True,True,dataset:cdeotte/kaggle-kl-div
tygofrancissen/inference-notebook,kaggle-kl-div,True,True,dataset:cdeotte/kaggle-kl-div
tygofrancissen/train-notebook,kaggle-kl-div,True,True,dataset:cdeotte/kaggle-kl-div
yezhiheng/zy-three-model-ensemble-gpu100,kaggle-kl-div,True,True,dataset:cdeotte/kaggle-kl-div
nandhuelan/google-quest-for-nlp-v7,masks,True,True,dataset:aashita/masks
deepaksingh47/feature-engineeing-lgbm,persuade-2-0,True,True,dataset:deepaksingh47/persuade-2-0
akensert/quest-use-classifier-with-tf-gradienttape,pickled-crawl300d2m-for-kernel-competitions,True,True,dataset:authman/pickled-crawl300d2m-for-kernel-competitions
artgor/pytorch-approach,pickled-crawl300d2m-for-kernel-competitions,True,True,dataset:authman/pickled-crawl300d2m-for-kernel-competitions
bluexleoxgreen/google-quest-inference-kernel,pickled-crawl300d2m-for-kernel-competitions,True,True,dataset:authman/pickled-crawl300d2m-for-kernel-competitions
viswajithkn/understand-q-a,pickled-crawl300d2m-for-kernel-competitions,True,True,dataset:authman/pickled-crawl300d2m-for-kernel-competitions
akensert/quest-use-classifier-with-tf-gradienttape,pickled-glove840b300d-for-10sec-loading,True,True,dataset:authman/pickled-glove840b300d-for-10sec-loading
bluexleoxgreen/google-quest-inference-kernel,pickled-glove840b300d-for-10sec-loading,True,True,dataset:authman/pickled-glove840b300d-for-10sec-loading
kanruwang/ranzcr-resnet200d-seresnet152d-efficientnetb5,pytorch-images-seresnet,True,True,dataset:ammarali32/pytorch-images-seresnet
roydatascience/resnet200d-public-multi-head-private-lb-970,pytorch-images-seresnet,True,True,dataset:ammarali32/pytorch-images-seresnet
artgor/pytorch-approach,qa-labeling-files-for-inference,True,True,dataset:artgor/qa-labeling-files-for-inference
aikhmelnytskyy/quick-start-lgbm,quick-start-lgbm-version-30,True,True,dataset:aikhmelnytskyy/quick-start-lgbm-version-30
gunesevitan/hms-hbac-inference,rapids,True,True,dataset:cdeotte/rapids
rafaelzimmermann1/no-ensemble-new-spectrograms-label-refine,rapids,True,True,dataset:cdeotte/rapids
yezhiheng/zy-three-model-ensemble-gpu100,rapids,True,True,dataset:cdeotte/rapids
archanabenur/resnet200d,resnet200d-public,True,True,dataset:ammarali32/resnet200d-public
kanruwang/ranzcr-resnet200d-seresnet152d-efficientnetb5,resnet200d-public,True,True,dataset:ammarali32/resnet200d-public
roydatascience/resnet200d-public-multi-head-private-lb-970,resnet200d-public,True,True,dataset:ammarali32/resnet200d-public
abhijeetbiswasiitb/kernel107f123349,sacremoses,True,True,dataset:abhishek/sacremoses
akensert/quest-bert-base-tf2-0,sacremoses,True,True,dataset:abhishek/sacremoses
alonalon/hirarchical-attention-with-text-augmentation,sacremoses,True,True,dataset:abhishek/sacremoses
artgor/pytorch-approach,sacremoses,True,True,dataset:abhishek/sacremoses
bluexleoxgreen/google-quest-inference-kernel,sacremoses,True,True,dataset:abhishek/sacremoses
daigohirooka/huggingface-tfbert-for-full-prediction,sacremoses,True,True,dataset:akensert/sacremoses
kabure/qa-eda-and-nlp-modelling-insights-vis-bert,sacremoses,True,True,dataset:akensert/sacremoses
khoongweihao/google-quest-bert-base-tf2-0-inference,sacremoses,True,True,dataset:akensert/sacremoses
konradb/ch4-end-to-end-nlp,sacremoses,True,True,dataset:abhishek/sacremoses
meghakapoor/fastai-bert-universal-encoder-tfidf,sacremoses,True,True,dataset:abhishek/sacremoses
nandhuelan/google-quest-for-nlp-v7,sacremoses,True,True,dataset:abhishek/sacremoses
phoenix9032/pytorch-bert-plain,sacremoses,True,True,dataset:abhishek/sacremoses
tanlikesmath/quest-bert-base-pytorch-minimalistic-training,sacremoses,True,True,dataset:abhishek/sacremoses
ykojima1989/fine-tune-bert-use-on-sklearn-pipeline,sacremoses,True,True,dataset:abhishek/sacremoses
hilda21/aes2-deberta-lgbm-countvectorizer-lb-814,sent-debsmall,True,True,dataset:datafan07/sent-debsmall
justin1357/cv0-854,sent-debsmall,True,True,dataset:datafan07/sent-debsmall
mcseem/aes-submission-with-replicated-word-stat-features,sent-debsmall,True,True,dataset:datafan07/sent-debsmall
nguynminh444/aes2-modeling-with-fb-scoring,sent-debsmall,True,True,dataset:datafan07/sent-debsmall
stefanoclss/unselected-0-836-private-score-submission,sent-debsmall,True,True,dataset:datafan07/sent-debsmall
kanruwang/ranzcr-resnet200d-seresnet152d-efficientnetb5,seresnet152d-cv9615,True,True,dataset:ammarali32/seresnet152d-cv9615
anexperiencedidiot/hms-boosting,spectogram-data,True,True,dataset:anexperiencedidiot/spectogram-data
stefannastase/10-fold-lgbm-regressor-with-deberta,spelling,True,True,dataset:bittlingmayer/spelling
kanruwang/ranzcr-resnet200d-seresnet152d-efficientnetb5,startingpointschestx,True,True,dataset:ammarali32/startingpointschestx
roydatascience/resnet200d-public-multi-head-private-lb-970,startingpointschestx,True,True,dataset:ammarali32/startingpointschestx
rsinda/38th-place-solution-0-972-single-model-5-fold,startingpointschestx,True,True,dataset:ammarali32/startingpointschestx
syxuming/inference-resnet200d-singlemodel,startingpointschestx,True,True,dataset:ammarali32/startingpointschestx
ttahara/ranzcr-multi-head-model-inference,startingpointschestx,True,True,dataset:ammarali32/startingpointschestx
caokhoihuynh/feature-engineeing-lgbm-copy-ver,stop-words,True,True,dataset:caokhoihuynh/stop-words
caokhoihuynh/feature-engineeing-lgbm-copy-ver,textstat-pypi,True,True,dataset:anushasrikanth/textstat-pypi
phamletunhi/tn-2-training-lgbm-model-for-essay,textstat-pypi,True,True,dataset:anushasrikanth/textstat-pypi
juliuslandsman/mlip-group-12-final-ensemble,tf-efficientnet-imagenet-weights,True,True,dataset:cdeotte/tf-efficientnet-imagenet-weights
minhsienweng/train-infer-efficientnetb0-starter,tf-efficientnet-imagenet-weights,True,True,dataset:cdeotte/tf-efficientnet-imagenet-weights
nartaa/features-head-starter,tf-efficientnet-imagenet-weights,True,True,dataset:cdeotte/tf-efficientnet-imagenet-weights
nartaa/training-features-head-starter-testbed-003,tf-efficientnet-imagenet-weights,True,True,dataset:cdeotte/tf-efficientnet-imagenet-weights
peizhengwang/effientnetb0-lstm-head-label-smoothing,tf-efficientnet-imagenet-weights,True,True,dataset:cdeotte/tf-efficientnet-imagenet-weights
rafaelzimmermann1/no-ensemble-new-spectrograms-label-refine,tf-efficientnet-imagenet-weights,True,True,dataset:cdeotte/tf-efficientnet-imagenet-weights
sunyuri/hms-vipeegnetv1,tf-efficientnet-imagenet-weights,True,True,dataset:cdeotte/tf-efficientnet-imagenet-weights
yezhiheng/zy-three-model-ensemble-gpu100,tf-efficientnet-imagenet-weights,True,True,dataset:cdeotte/tf-efficientnet-imagenet-weights
cooolz/notebookc1c6c389c3,torchvideo,True,True,dataset:cooolz/torchvideo
abhijeetbiswasiitb/kernel107f123349,transformers,True,True,dataset:abhishek/transformers
akensert/quest-bert-base-tf2-0,transformers,True,True,dataset:abhishek/transformers
alonalon/hirarchical-attention-with-text-augmentation,transformers,True,True,dataset:abhishek/transformers
artgor/pytorch-approach,transformers,True,True,dataset:abhishek/transformers
bluexleoxgreen/google-quest-inference-kernel,transformers,True,True,dataset:abhishek/transformers
daigohirooka/huggingface-tfbert-for-full-prediction,transformers,True,True,dataset:akensert/transformers
kabure/qa-eda-and-nlp-modelling-insights-vis-bert,transformers,True,True,dataset:abhishek/transformers
khoongweihao/google-quest-bert-base-tf2-0-inference,transformers,True,True,dataset:akensert/transformers
konradb/ch4-end-to-end-nlp,transformers,True,True,dataset:abhishek/transformers
meghakapoor/fastai-bert-universal-encoder-tfidf,transformers,True,True,dataset:abhishek/transformers
nandhuelan/google-quest-for-nlp-v7,transformers,True,True,dataset:abhishek/transformers
nizamuddin/qa-augur,transformers,True,True,dataset:abhishek/transformers
phoenix9032/pytorch-bert-plain,transformers,True,True,dataset:abhishek/transformers
tanlikesmath/quest-bert-base-pytorch-minimalistic-training,transformers,True,True,dataset:abhishek/transformers
ykojima1989/fine-tune-bert-use-on-sklearn-pipeline,transformers,True,True,dataset:abhishek/transformers
alexeykarnachev/kernel1864bcfc13,transformersdependencies,True,True,dataset:alexeykarnachev/transformersdependencies
